id_victima,grupo_edad,sexo,gravedad,es_fallecido,es_hombre,es_adulto_mayor,edad_orden
1,De 0 a 13 anos,Hombre,Herido,0,1,0,0
2,De 0 a 13 anos,Hombre,Herido,0,1,0,0
3,De 0 a 13 anos,Hombre,Herido,0,1,0,0
4,De 0 a 13 anos,Hombre,Herido,0,1,0,0
5,De 0 a 13 anos,Hombre,Herido,0,1,0,0
6,De 0 a 13 anos,Hombre,Herido,0,1,0,0
7,De 0 a 13 anos,Hombre,Herido,0,1,0,0
8,De 0 a 13 anos,Hombre,Herido,0,1,0,0
9,De 0 a 13 anos,Hombre,Herido,0,1,0,0
10,De 0 a 13 anos,Hombre,Herido,0,1,0,0
11,De 0 a 13 anos,Hombre,Herido,0,1,0,0
12,De 0 a 13 anos,Hombre,Herido,0,1,0,0
13,De 0 a 13 anos,Hombre,Herido,0,1,0,0
14,De 0 a 13 anos,Hombre,Herido,0,1,0,0
15,De 0 a 13 anos,Hombre,Herido,0,1,0,0
16,De 0 a 13 anos,Hombre,Herido,0,1,0,0
17,De 0 a 13 anos,Hombre,Herido,0,1,0,0
18,De 0 a 13 anos,Hombre,Herido,0,1,0,0
19,De 0 a 13 anos,Hombre,Herido,0,1,0,0
20,De 0 a 13 anos,Hombre,Herido,0,1,0,0
21,De 0 a 13 anos,Hombre,Herido,0,1,0,0
22,De 0 a 13 anos,Hombre,Herido,0,1,0,0
23,De 0 a 13 anos,Hombre,Herido,0,1,0,0
24,De 0 a 13 anos,Hombre,Herido,0,1,0,0
25,De 0 a 13 anos,Hombre,Herido,0,1,0,0
26,De 0 a 13 anos,Hombre,Herido,0,1,0,0
27,De 0 a 13 anos,Hombre,Herido,0,1,0,0
28,De 0 a 13 anos,Hombre,Herido,0,1,0,0
29,De 0 a 13 anos,Hombre,Herido,0,1,0,0
30,De 0 a 13 anos,Hombre,Herido,0,1,0,0
31,De 0 a 13 anos,Hombre,Herido,0,1,0,0
32,De 0 a 13 anos,Hombre,Herido,0,1,0,0
33,De 0 a 13 anos,Hombre,Herido,0,1,0,0
34,De 0 a 13 anos,Hombre,Herido,0,1,0,0
35,De 0 a 13 anos,Hombre,Herido,0,1,0,0
36,De 0 a 13 anos,Hombre,Herido,0,1,0,0
37,De 0 a 13 anos,Hombre,Herido,0,1,0,0
38,De 0 a 13 anos,Hombre,Herido,0,1,0,0
39,De 0 a 13 anos,Hombre,Herido,0,1,0,0
40,De 0 a 13 anos,Hombre,Herido,0,1,0,0
41,De 0 a 13 anos,Hombre,Herido,0,1,0,0
42,De 0 a 13 anos,Hombre,Herido,0,1,0,0
43,De 0 a 13 anos,Hombre,Herido,0,1,0,0
44,De 0 a 13 anos,Hombre,Herido,0,1,0,0
45,De 0 a 13 anos,Hombre,Herido,0,1,0,0
46,De 0 a 13 anos,Hombre,Herido,0,1,0,0
47,De 0 a 13 anos,Hombre,Herido,0,1,0,0
48,De 0 a 13 anos,Hombre,Herido,0,1,0,0
49,De 0 a 13 anos,Hombre,Herido,0,1,0,0
50,De 0 a 13 anos,Hombre,Herido,0,1,0,0
51,De 0 a 13 anos,Hombre,Herido,0,1,0,0
52,De 0 a 13 anos,Hombre,Herido,0,1,0,0
53,De 0 a 13 anos,Hombre,Herido,0,1,0,0
54,De 0 a 13 anos,Hombre,Herido,0,1,0,0
55,De 0 a 13 anos,Hombre,Herido,0,1,0,0
56,De 0 a 13 anos,Hombre,Herido,0,1,0,0
57,De 0 a 13 anos,Hombre,Herido,0,1,0,0
58,De 0 a 13 anos,Hombre,Herido,0,1,0,0
59,De 0 a 13 anos,Hombre,Herido,0,1,0,0
60,De 0 a 13 anos,Hombre,Herido,0,1,0,0
61,De 0 a 13 anos,Hombre,Herido,0,1,0,0
62,De 0 a 13 anos,Hombre,Herido,0,1,0,0
63,De 0 a 13 anos,Hombre,Herido,0,1,0,0
64,De 0 a 13 anos,Hombre,Herido,0,1,0,0
65,De 0 a 13 anos,Hombre,Herido,0,1,0,0
66,De 0 a 13 anos,Hombre,Herido,0,1,0,0
67,De 0 a 13 anos,Hombre,Herido,0,1,0,0
68,De 0 a 13 anos,Hombre,Herido,0,1,0,0
69,De 0 a 13 anos,Hombre,Herido,0,1,0,0
70,De 0 a 13 anos,Hombre,Herido,0,1,0,0
71,De 0 a 13 anos,Hombre,Herido,0,1,0,0
72,De 0 a 13 anos,Hombre,Herido,0,1,0,0
73,De 0 a 13 anos,Hombre,Herido,0,1,0,0
74,De 0 a 13 anos,Hombre,Herido,0,1,0,0
75,De 0 a 13 anos,Hombre,Herido,0,1,0,0
76,De 0 a 13 anos,Hombre,Herido,0,1,0,0
77,De 0 a 13 anos,Hombre,Herido,0,1,0,0
78,De 0 a 13 anos,Hombre,Herido,0,1,0,0
79,De 0 a 13 anos,Hombre,Herido,0,1,0,0
80,De 0 a 13 anos,Hombre,Herido,0,1,0,0
81,De 0 a 13 anos,Hombre,Herido,0,1,0,0
82,De 0 a 13 anos,Hombre,Herido,0,1,0,0
83,De 0 a 13 anos,Hombre,Herido,0,1,0,0
84,De 0 a 13 anos,Hombre,Herido,0,1,0,0
85,De 0 a 13 anos,Hombre,Herido,0,1,0,0
86,De 0 a 13 anos,Hombre,Herido,0,1,0,0
87,De 0 a 13 anos,Hombre,Herido,0,1,0,0
88,De 0 a 13 anos,Hombre,Herido,0,1,0,0
89,De 0 a 13 anos,Hombre,Herido,0,1,0,0
90,De 0 a 13 anos,Hombre,Herido,0,1,0,0
91,De 0 a 13 anos,Hombre,Herido,0,1,0,0
92,De 0 a 13 anos,Hombre,Herido,0,1,0,0
93,De 0 a 13 anos,Hombre,Herido,0,1,0,0
94,De 0 a 13 anos,Hombre,Herido,0,1,0,0
95,De 0 a 13 anos,Hombre,Herido,0,1,0,0
96,De 0 a 13 anos,Hombre,Herido,0,1,0,0
97,De 0 a 13 anos,Hombre,Herido,0,1,0,0
98,De 0 a 13 anos,Hombre,Herido,0,1,0,0
99,De 0 a 13 anos,Hombre,Herido,0,1,0,0
100,De 0 a 13 anos,Hombre,Herido,0,1,0,0
101,De 0 a 13 anos,Hombre,Herido,0,1,0,0
102,De 0 a 13 anos,Hombre,Herido,0,1,0,0
103,De 0 a 13 anos,Hombre,Herido,0,1,0,0
104,De 0 a 13 anos,Hombre,Herido,0,1,0,0
105,De 0 a 13 anos,Hombre,Herido,0,1,0,0
106,De 0 a 13 anos,Hombre,Herido,0,1,0,0
107,De 0 a 13 anos,Hombre,Herido,0,1,0,0
108,De 0 a 13 anos,Hombre,Herido,0,1,0,0
109,De 0 a 13 anos,Hombre,Herido,0,1,0,0
110,De 0 a 13 anos,Hombre,Herido,0,1,0,0
111,De 0 a 13 anos,Hombre,Herido,0,1,0,0
112,De 0 a 13 anos,Hombre,Herido,0,1,0,0
113,De 0 a 13 anos,Hombre,Herido,0,1,0,0
114,De 0 a 13 anos,Hombre,Herido,0,1,0,0
115,De 0 a 13 anos,Hombre,Herido,0,1,0,0
116,De 0 a 13 anos,Hombre,Herido,0,1,0,0
117,De 0 a 13 anos,Hombre,Herido,0,1,0,0
118,De 0 a 13 anos,Hombre,Herido,0,1,0,0
119,De 0 a 13 anos,Hombre,Herido,0,1,0,0
120,De 0 a 13 anos,Hombre,Herido,0,1,0,0
121,De 0 a 13 anos,Hombre,Herido,0,1,0,0
122,De 0 a 13 anos,Hombre,Herido,0,1,0,0
123,De 0 a 13 anos,Hombre,Herido,0,1,0,0
124,De 0 a 13 anos,Hombre,Herido,0,1,0,0
125,De 0 a 13 anos,Hombre,Herido,0,1,0,0
126,De 0 a 13 anos,Hombre,Herido,0,1,0,0
127,De 0 a 13 anos,Hombre,Herido,0,1,0,0
128,De 0 a 13 anos,Hombre,Herido,0,1,0,0
129,De 0 a 13 anos,Hombre,Herido,0,1,0,0
130,De 0 a 13 anos,Hombre,Herido,0,1,0,0
131,De 0 a 13 anos,Hombre,Herido,0,1,0,0
132,De 0 a 13 anos,Hombre,Herido,0,1,0,0
133,De 0 a 13 anos,Hombre,Herido,0,1,0,0
134,De 0 a 13 anos,Hombre,Herido,0,1,0,0
135,De 0 a 13 anos,Hombre,Herido,0,1,0,0
136,De 0 a 13 anos,Hombre,Herido,0,1,0,0
137,De 0 a 13 anos,Hombre,Herido,0,1,0,0
138,De 0 a 13 anos,Hombre,Herido,0,1,0,0
139,De 0 a 13 anos,Hombre,Herido,0,1,0,0
140,De 0 a 13 anos,Hombre,Herido,0,1,0,0
141,De 0 a 13 anos,Hombre,Herido,0,1,0,0
142,De 0 a 13 anos,Hombre,Herido,0,1,0,0
143,De 0 a 13 anos,Hombre,Herido,0,1,0,0
144,De 0 a 13 anos,Hombre,Herido,0,1,0,0
145,De 0 a 13 anos,Hombre,Herido,0,1,0,0
146,De 0 a 13 anos,Hombre,Herido,0,1,0,0
147,De 0 a 13 anos,Hombre,Herido,0,1,0,0
148,De 0 a 13 anos,Hombre,Herido,0,1,0,0
149,De 0 a 13 anos,Hombre,Herido,0,1,0,0
150,De 0 a 13 anos,Hombre,Herido,0,1,0,0
151,De 0 a 13 anos,Hombre,Herido,0,1,0,0
152,De 0 a 13 anos,Hombre,Herido,0,1,0,0
153,De 0 a 13 anos,Hombre,Herido,0,1,0,0
154,De 0 a 13 anos,Hombre,Herido,0,1,0,0
155,De 0 a 13 anos,Hombre,Herido,0,1,0,0
156,De 0 a 13 anos,Hombre,Herido,0,1,0,0
157,De 0 a 13 anos,Hombre,Herido,0,1,0,0
158,De 0 a 13 anos,Hombre,Herido,0,1,0,0
159,De 0 a 13 anos,Hombre,Herido,0,1,0,0
160,De 0 a 13 anos,Hombre,Herido,0,1,0,0
161,De 0 a 13 anos,Hombre,Herido,0,1,0,0
162,De 0 a 13 anos,Hombre,Herido,0,1,0,0
163,De 0 a 13 anos,Hombre,Herido,0,1,0,0
164,De 0 a 13 anos,Hombre,Herido,0,1,0,0
165,De 0 a 13 anos,Hombre,Herido,0,1,0,0
166,De 0 a 13 anos,Hombre,Herido,0,1,0,0
167,De 0 a 13 anos,Hombre,Herido,0,1,0,0
168,De 0 a 13 anos,Hombre,Herido,0,1,0,0
169,De 0 a 13 anos,Mujer,Herido,0,0,0,0
170,De 0 a 13 anos,Mujer,Herido,0,0,0,0
171,De 0 a 13 anos,Mujer,Herido,0,0,0,0
172,De 0 a 13 anos,Mujer,Herido,0,0,0,0
173,De 0 a 13 anos,Mujer,Herido,0,0,0,0
174,De 0 a 13 anos,Mujer,Herido,0,0,0,0
175,De 0 a 13 anos,Mujer,Herido,0,0,0,0
176,De 0 a 13 anos,Mujer,Herido,0,0,0,0
177,De 0 a 13 anos,Mujer,Herido,0,0,0,0
178,De 0 a 13 anos,Mujer,Herido,0,0,0,0
179,De 0 a 13 anos,Mujer,Herido,0,0,0,0
180,De 0 a 13 anos,Mujer,Herido,0,0,0,0
181,De 0 a 13 anos,Mujer,Herido,0,0,0,0
182,De 0 a 13 anos,Mujer,Herido,0,0,0,0
183,De 0 a 13 anos,Mujer,Herido,0,0,0,0
184,De 0 a 13 anos,Mujer,Herido,0,0,0,0
185,De 0 a 13 anos,Mujer,Herido,0,0,0,0
186,De 0 a 13 anos,Mujer,Herido,0,0,0,0
187,De 0 a 13 anos,Mujer,Herido,0,0,0,0
188,De 0 a 13 anos,Mujer,Herido,0,0,0,0
189,De 0 a 13 anos,Mujer,Herido,0,0,0,0
190,De 0 a 13 anos,Mujer,Herido,0,0,0,0
191,De 0 a 13 anos,Mujer,Herido,0,0,0,0
192,De 0 a 13 anos,Mujer,Herido,0,0,0,0
193,De 0 a 13 anos,Mujer,Herido,0,0,0,0
194,De 0 a 13 anos,Mujer,Herido,0,0,0,0
195,De 0 a 13 anos,Mujer,Herido,0,0,0,0
196,De 0 a 13 anos,Mujer,Herido,0,0,0,0
197,De 0 a 13 anos,Mujer,Herido,0,0,0,0
198,De 0 a 13 anos,Mujer,Herido,0,0,0,0
199,De 0 a 13 anos,Mujer,Herido,0,0,0,0
200,De 0 a 13 anos,Mujer,Herido,0,0,0,0
201,De 0 a 13 anos,Mujer,Herido,0,0,0,0
202,De 0 a 13 anos,Mujer,Herido,0,0,0,0
203,De 0 a 13 anos,Mujer,Herido,0,0,0,0
204,De 0 a 13 anos,Mujer,Herido,0,0,0,0
205,De 0 a 13 anos,Mujer,Herido,0,0,0,0
206,De 0 a 13 anos,Mujer,Herido,0,0,0,0
207,De 0 a 13 anos,Mujer,Herido,0,0,0,0
208,De 0 a 13 anos,Mujer,Herido,0,0,0,0
209,De 0 a 13 anos,Mujer,Herido,0,0,0,0
210,De 0 a 13 anos,Mujer,Herido,0,0,0,0
211,De 0 a 13 anos,Mujer,Herido,0,0,0,0
212,De 0 a 13 anos,Mujer,Herido,0,0,0,0
213,De 0 a 13 anos,Mujer,Herido,0,0,0,0
214,De 0 a 13 anos,Mujer,Herido,0,0,0,0
215,De 0 a 13 anos,Mujer,Herido,0,0,0,0
216,De 0 a 13 anos,Mujer,Herido,0,0,0,0
217,De 0 a 13 anos,Mujer,Herido,0,0,0,0
218,De 0 a 13 anos,Mujer,Herido,0,0,0,0
219,De 0 a 13 anos,Mujer,Herido,0,0,0,0
220,De 0 a 13 anos,Mujer,Herido,0,0,0,0
221,De 0 a 13 anos,Mujer,Herido,0,0,0,0
222,De 0 a 13 anos,Mujer,Herido,0,0,0,0
223,De 0 a 13 anos,Mujer,Herido,0,0,0,0
224,De 0 a 13 anos,Mujer,Herido,0,0,0,0
225,De 0 a 13 anos,Mujer,Herido,0,0,0,0
226,De 0 a 13 anos,Mujer,Herido,0,0,0,0
227,De 0 a 13 anos,Mujer,Herido,0,0,0,0
228,De 0 a 13 anos,Mujer,Herido,0,0,0,0
229,De 0 a 13 anos,Mujer,Herido,0,0,0,0
230,De 0 a 13 anos,Mujer,Herido,0,0,0,0
231,De 0 a 13 anos,Mujer,Herido,0,0,0,0
232,De 0 a 13 anos,Mujer,Herido,0,0,0,0
233,De 0 a 13 anos,Mujer,Herido,0,0,0,0
234,De 0 a 13 anos,Mujer,Herido,0,0,0,0
235,De 0 a 13 anos,Mujer,Herido,0,0,0,0
236,De 0 a 13 anos,Mujer,Herido,0,0,0,0
237,De 0 a 13 anos,Mujer,Herido,0,0,0,0
238,De 0 a 13 anos,Mujer,Herido,0,0,0,0
239,De 0 a 13 anos,Mujer,Herido,0,0,0,0
240,De 0 a 13 anos,Mujer,Herido,0,0,0,0
241,De 0 a 13 anos,Mujer,Herido,0,0,0,0
242,De 0 a 13 anos,Mujer,Herido,0,0,0,0
243,De 0 a 13 anos,Mujer,Herido,0,0,0,0
244,De 0 a 13 anos,Mujer,Herido,0,0,0,0
245,De 0 a 13 anos,Mujer,Herido,0,0,0,0
246,De 0 a 13 anos,Mujer,Herido,0,0,0,0
247,De 0 a 13 anos,Mujer,Herido,0,0,0,0
248,De 0 a 13 anos,Mujer,Herido,0,0,0,0
249,De 0 a 13 anos,Mujer,Herido,0,0,0,0
250,De 0 a 13 anos,Mujer,Herido,0,0,0,0
251,De 0 a 13 anos,Mujer,Herido,0,0,0,0
252,De 0 a 13 anos,Mujer,Herido,0,0,0,0
253,De 0 a 13 anos,Mujer,Herido,0,0,0,0
254,De 0 a 13 anos,Mujer,Herido,0,0,0,0
255,De 0 a 13 anos,Mujer,Herido,0,0,0,0
256,De 0 a 13 anos,Mujer,Herido,0,0,0,0
257,De 0 a 13 anos,Mujer,Herido,0,0,0,0
258,De 0 a 13 anos,Mujer,Herido,0,0,0,0
259,De 0 a 13 anos,Mujer,Herido,0,0,0,0
260,De 0 a 13 anos,Mujer,Herido,0,0,0,0
261,De 0 a 13 anos,Mujer,Herido,0,0,0,0
262,De 0 a 13 anos,Mujer,Herido,0,0,0,0
263,De 0 a 13 anos,Mujer,Herido,0,0,0,0
264,De 0 a 13 anos,Mujer,Herido,0,0,0,0
265,De 0 a 13 anos,Mujer,Herido,0,0,0,0
266,De 0 a 13 anos,Mujer,Herido,0,0,0,0
267,De 0 a 13 anos,Mujer,Herido,0,0,0,0
268,De 0 a 13 anos,Mujer,Herido,0,0,0,0
269,De 0 a 13 anos,Mujer,Herido,0,0,0,0
270,De 0 a 13 anos,Mujer,Herido,0,0,0,0
271,De 0 a 13 anos,Mujer,Herido,0,0,0,0
272,De 0 a 13 anos,Hombre,Fallecido,1,1,0,0
273,De 0 a 13 anos,Hombre,Fallecido,1,1,0,0
274,De 0 a 13 anos,Hombre,Fallecido,1,1,0,0
275,De 0 a 13 anos,Hombre,Fallecido,1,1,0,0
276,De 0 a 13 anos,Hombre,Fallecido,1,1,0,0
277,De 0 a 13 anos,Hombre,Fallecido,1,1,0,0
278,De 0 a 13 anos,Hombre,Fallecido,1,1,0,0
279,De 0 a 13 anos,Hombre,Fallecido,1,1,0,0
280,De 0 a 13 anos,Hombre,Fallecido,1,1,0,0
281,De 0 a 13 anos,Hombre,Fallecido,1,1,0,0
282,De 0 a 13 anos,Hombre,Fallecido,1,1,0,0
283,De 0 a 13 anos,Hombre,Fallecido,1,1,0,0
284,De 0 a 13 anos,Hombre,Fallecido,1,1,0,0
285,De 0 a 13 anos,Hombre,Fallecido,1,1,0,0
286,De 0 a 13 anos,Hombre,Fallecido,1,1,0,0
287,De 0 a 13 anos,Hombre,Fallecido,1,1,0,0
288,De 0 a 13 anos,Hombre,Fallecido,1,1,0,0
289,De 0 a 13 anos,Hombre,Fallecido,1,1,0,0
290,De 0 a 13 anos,Hombre,Fallecido,1,1,0,0
291,De 0 a 13 anos,Hombre,Fallecido,1,1,0,0
292,De 0 a 13 anos,Hombre,Fallecido,1,1,0,0
293,De 0 a 13 anos,Hombre,Fallecido,1,1,0,0
294,De 0 a 13 anos,Hombre,Fallecido,1,1,0,0
295,De 0 a 13 anos,Hombre,Fallecido,1,1,0,0
296,De 0 a 13 anos,Hombre,Fallecido,1,1,0,0
297,De 0 a 13 anos,Mujer,Fallecido,1,0,0,0
298,De 0 a 13 anos,Mujer,Fallecido,1,0,0,0
299,De 0 a 13 anos,Mujer,Fallecido,1,0,0,0
300,De 0 a 13 anos,Mujer,Fallecido,1,0,0,0
301,De 0 a 13 anos,Mujer,Fallecido,1,0,0,0
302,De 0 a 13 anos,Mujer,Fallecido,1,0,0,0
303,De 0 a 13 anos,Mujer,Fallecido,1,0,0,0
304,De 0 a 13 anos,Mujer,Fallecido,1,0,0,0
305,De 0 a 13 anos,Mujer,Fallecido,1,0,0,0
306,De 0 a 13 anos,Mujer,Fallecido,1,0,0,0
307,De 14 a 17 anos,Hombre,Herido,0,1,0,1
308,De 14 a 17 anos,Hombre,Herido,0,1,0,1
309,De 14 a 17 anos,Hombre,Herido,0,1,0,1
310,De 14 a 17 anos,Hombre,Herido,0,1,0,1
311,De 14 a 17 anos,Hombre,Herido,0,1,0,1
312,De 14 a 17 anos,Hombre,Herido,0,1,0,1
313,De 14 a 17 anos,Hombre,Herido,0,1,0,1
314,De 14 a 17 anos,Hombre,Herido,0,1,0,1
315,De 14 a 17 anos,Hombre,Herido,0,1,0,1
316,De 14 a 17 anos,Hombre,Herido,0,1,0,1
317,De 14 a 17 anos,Hombre,Herido,0,1,0,1
318,De 14 a 17 anos,Hombre,Herido,0,1,0,1
319,De 14 a 17 anos,Hombre,Herido,0,1,0,1
320,De 14 a 17 anos,Hombre,Herido,0,1,0,1
321,De 14 a 17 anos,Hombre,Herido,0,1,0,1
322,De 14 a 17 anos,Hombre,Herido,0,1,0,1
323,De 14 a 17 anos,Hombre,Herido,0,1,0,1
324,De 14 a 17 anos,Hombre,Herido,0,1,0,1
325,De 14 a 17 anos,Hombre,Herido,0,1,0,1
326,De 14 a 17 anos,Hombre,Herido,0,1,0,1
327,De 14 a 17 anos,Hombre,Herido,0,1,0,1
328,De 14 a 17 anos,Hombre,Herido,0,1,0,1
329,De 14 a 17 anos,Hombre,Herido,0,1,0,1
330,De 14 a 17 anos,Hombre,Herido,0,1,0,1
331,De 14 a 17 anos,Hombre,Herido,0,1,0,1
332,De 14 a 17 anos,Hombre,Herido,0,1,0,1
333,De 14 a 17 anos,Hombre,Herido,0,1,0,1
334,De 14 a 17 anos,Hombre,Herido,0,1,0,1
335,De 14 a 17 anos,Hombre,Herido,0,1,0,1
336,De 14 a 17 anos,Hombre,Herido,0,1,0,1
337,De 14 a 17 anos,Hombre,Herido,0,1,0,1
338,De 14 a 17 anos,Hombre,Herido,0,1,0,1
339,De 14 a 17 anos,Hombre,Herido,0,1,0,1
340,De 14 a 17 anos,Hombre,Herido,0,1,0,1
341,De 14 a 17 anos,Hombre,Herido,0,1,0,1
342,De 14 a 17 anos,Hombre,Herido,0,1,0,1
343,De 14 a 17 anos,Hombre,Herido,0,1,0,1
344,De 14 a 17 anos,Hombre,Herido,0,1,0,1
345,De 14 a 17 anos,Hombre,Herido,0,1,0,1
346,De 14 a 17 anos,Hombre,Herido,0,1,0,1
347,De 14 a 17 anos,Hombre,Herido,0,1,0,1
348,De 14 a 17 anos,Hombre,Herido,0,1,0,1
349,De 14 a 17 anos,Hombre,Herido,0,1,0,1
350,De 14 a 17 anos,Hombre,Herido,0,1,0,1
351,De 14 a 17 anos,Hombre,Herido,0,1,0,1
352,De 14 a 17 anos,Hombre,Herido,0,1,0,1
353,De 14 a 17 anos,Hombre,Herido,0,1,0,1
354,De 14 a 17 anos,Hombre,Herido,0,1,0,1
355,De 14 a 17 anos,Hombre,Herido,0,1,0,1
356,De 14 a 17 anos,Hombre,Herido,0,1,0,1
357,De 14 a 17 anos,Hombre,Herido,0,1,0,1
358,De 14 a 17 anos,Hombre,Herido,0,1,0,1
359,De 14 a 17 anos,Hombre,Herido,0,1,0,1
360,De 14 a 17 anos,Hombre,Herido,0,1,0,1
361,De 14 a 17 anos,Hombre,Herido,0,1,0,1
362,De 14 a 17 anos,Hombre,Herido,0,1,0,1
363,De 14 a 17 anos,Hombre,Herido,0,1,0,1
364,De 14 a 17 anos,Hombre,Herido,0,1,0,1
365,De 14 a 17 anos,Hombre,Herido,0,1,0,1
366,De 14 a 17 anos,Hombre,Herido,0,1,0,1
367,De 14 a 17 anos,Hombre,Herido,0,1,0,1
368,De 14 a 17 anos,Hombre,Herido,0,1,0,1
369,De 14 a 17 anos,Hombre,Herido,0,1,0,1
370,De 14 a 17 anos,Hombre,Herido,0,1,0,1
371,De 14 a 17 anos,Hombre,Herido,0,1,0,1
372,De 14 a 17 anos,Hombre,Herido,0,1,0,1
373,De 14 a 17 anos,Hombre,Herido,0,1,0,1
374,De 14 a 17 anos,Hombre,Herido,0,1,0,1
375,De 14 a 17 anos,Hombre,Herido,0,1,0,1
376,De 14 a 17 anos,Hombre,Herido,0,1,0,1
377,De 14 a 17 anos,Hombre,Herido,0,1,0,1
378,De 14 a 17 anos,Hombre,Herido,0,1,0,1
379,De 14 a 17 anos,Hombre,Herido,0,1,0,1
380,De 14 a 17 anos,Hombre,Herido,0,1,0,1
381,De 14 a 17 anos,Hombre,Herido,0,1,0,1
382,De 14 a 17 anos,Hombre,Herido,0,1,0,1
383,De 14 a 17 anos,Hombre,Herido,0,1,0,1
384,De 14 a 17 anos,Hombre,Herido,0,1,0,1
385,De 14 a 17 anos,Hombre,Herido,0,1,0,1
386,De 14 a 17 anos,Hombre,Herido,0,1,0,1
387,De 14 a 17 anos,Hombre,Herido,0,1,0,1
388,De 14 a 17 anos,Hombre,Herido,0,1,0,1
389,De 14 a 17 anos,Hombre,Herido,0,1,0,1
390,De 14 a 17 anos,Hombre,Herido,0,1,0,1
391,De 14 a 17 anos,Hombre,Herido,0,1,0,1
392,De 14 a 17 anos,Hombre,Herido,0,1,0,1
393,De 14 a 17 anos,Hombre,Herido,0,1,0,1
394,De 14 a 17 anos,Hombre,Herido,0,1,0,1
395,De 14 a 17 anos,Hombre,Herido,0,1,0,1
396,De 14 a 17 anos,Hombre,Herido,0,1,0,1
397,De 14 a 17 anos,Hombre,Herido,0,1,0,1
398,De 14 a 17 anos,Hombre,Herido,0,1,0,1
399,De 14 a 17 anos,Hombre,Herido,0,1,0,1
400,De 14 a 17 anos,Hombre,Herido,0,1,0,1
401,De 14 a 17 anos,Hombre,Herido,0,1,0,1
402,De 14 a 17 anos,Hombre,Herido,0,1,0,1
403,De 14 a 17 anos,Hombre,Herido,0,1,0,1
404,De 14 a 17 anos,Hombre,Herido,0,1,0,1
405,De 14 a 17 anos,Hombre,Herido,0,1,0,1
406,De 14 a 17 anos,Hombre,Herido,0,1,0,1
407,De 14 a 17 anos,Hombre,Herido,0,1,0,1
408,De 14 a 17 anos,Hombre,Herido,0,1,0,1
409,De 14 a 17 anos,Hombre,Herido,0,1,0,1
410,De 14 a 17 anos,Hombre,Herido,0,1,0,1
411,De 14 a 17 anos,Hombre,Herido,0,1,0,1
412,De 14 a 17 anos,Hombre,Herido,0,1,0,1
413,De 14 a 17 anos,Hombre,Herido,0,1,0,1
414,De 14 a 17 anos,Hombre,Herido,0,1,0,1
415,De 14 a 17 anos,Hombre,Herido,0,1,0,1
416,De 14 a 17 anos,Hombre,Herido,0,1,0,1
417,De 14 a 17 anos,Hombre,Herido,0,1,0,1
418,De 14 a 17 anos,Hombre,Herido,0,1,0,1
419,De 14 a 17 anos,Hombre,Herido,0,1,0,1
420,De 14 a 17 anos,Hombre,Herido,0,1,0,1
421,De 14 a 17 anos,Hombre,Herido,0,1,0,1
422,De 14 a 17 anos,Hombre,Herido,0,1,0,1
423,De 14 a 17 anos,Hombre,Herido,0,1,0,1
424,De 14 a 17 anos,Hombre,Herido,0,1,0,1
425,De 14 a 17 anos,Hombre,Herido,0,1,0,1
426,De 14 a 17 anos,Hombre,Herido,0,1,0,1
427,De 14 a 17 anos,Hombre,Herido,0,1,0,1
428,De 14 a 17 anos,Hombre,Herido,0,1,0,1
429,De 14 a 17 anos,Hombre,Herido,0,1,0,1
430,De 14 a 17 anos,Hombre,Herido,0,1,0,1
431,De 14 a 17 anos,Hombre,Herido,0,1,0,1
432,De 14 a 17 anos,Hombre,Herido,0,1,0,1
433,De 14 a 17 anos,Hombre,Herido,0,1,0,1
434,De 14 a 17 anos,Hombre,Herido,0,1,0,1
435,De 14 a 17 anos,Hombre,Herido,0,1,0,1
436,De 14 a 17 anos,Hombre,Herido,0,1,0,1
437,De 14 a 17 anos,Hombre,Herido,0,1,0,1
438,De 14 a 17 anos,Hombre,Herido,0,1,0,1
439,De 14 a 17 anos,Hombre,Herido,0,1,0,1
440,De 14 a 17 anos,Hombre,Herido,0,1,0,1
441,De 14 a 17 anos,Hombre,Herido,0,1,0,1
442,De 14 a 17 anos,Hombre,Herido,0,1,0,1
443,De 14 a 17 anos,Hombre,Herido,0,1,0,1
444,De 14 a 17 anos,Hombre,Herido,0,1,0,1
445,De 14 a 17 anos,Hombre,Herido,0,1,0,1
446,De 14 a 17 anos,Hombre,Herido,0,1,0,1
447,De 14 a 17 anos,Hombre,Herido,0,1,0,1
448,De 14 a 17 anos,Hombre,Herido,0,1,0,1
449,De 14 a 17 anos,Hombre,Herido,0,1,0,1
450,De 14 a 17 anos,Hombre,Herido,0,1,0,1
451,De 14 a 17 anos,Hombre,Herido,0,1,0,1
452,De 14 a 17 anos,Hombre,Herido,0,1,0,1
453,De 14 a 17 anos,Hombre,Herido,0,1,0,1
454,De 14 a 17 anos,Hombre,Herido,0,1,0,1
455,De 14 a 17 anos,Hombre,Herido,0,1,0,1
456,De 14 a 17 anos,Hombre,Herido,0,1,0,1
457,De 14 a 17 anos,Hombre,Herido,0,1,0,1
458,De 14 a 17 anos,Hombre,Herido,0,1,0,1
459,De 14 a 17 anos,Hombre,Herido,0,1,0,1
460,De 14 a 17 anos,Hombre,Herido,0,1,0,1
461,De 14 a 17 anos,Hombre,Herido,0,1,0,1
462,De 14 a 17 anos,Hombre,Herido,0,1,0,1
463,De 14 a 17 anos,Hombre,Herido,0,1,0,1
464,De 14 a 17 anos,Hombre,Herido,0,1,0,1
465,De 14 a 17 anos,Hombre,Herido,0,1,0,1
466,De 14 a 17 anos,Hombre,Herido,0,1,0,1
467,De 14 a 17 anos,Hombre,Herido,0,1,0,1
468,De 14 a 17 anos,Hombre,Herido,0,1,0,1
469,De 14 a 17 anos,Hombre,Herido,0,1,0,1
470,De 14 a 17 anos,Hombre,Herido,0,1,0,1
471,De 14 a 17 anos,Hombre,Herido,0,1,0,1
472,De 14 a 17 anos,Hombre,Herido,0,1,0,1
473,De 14 a 17 anos,Hombre,Herido,0,1,0,1
474,De 14 a 17 anos,Hombre,Herido,0,1,0,1
475,De 14 a 17 anos,Hombre,Herido,0,1,0,1
476,De 14 a 17 anos,Hombre,Herido,0,1,0,1
477,De 14 a 17 anos,Hombre,Herido,0,1,0,1
478,De 14 a 17 anos,Hombre,Herido,0,1,0,1
479,De 14 a 17 anos,Hombre,Herido,0,1,0,1
480,De 14 a 17 anos,Hombre,Herido,0,1,0,1
481,De 14 a 17 anos,Hombre,Herido,0,1,0,1
482,De 14 a 17 anos,Hombre,Herido,0,1,0,1
483,De 14 a 17 anos,Hombre,Herido,0,1,0,1
484,De 14 a 17 anos,Hombre,Herido,0,1,0,1
485,De 14 a 17 anos,Hombre,Herido,0,1,0,1
486,De 14 a 17 anos,Hombre,Herido,0,1,0,1
487,De 14 a 17 anos,Hombre,Herido,0,1,0,1
488,De 14 a 17 anos,Hombre,Herido,0,1,0,1
489,De 14 a 17 anos,Hombre,Herido,0,1,0,1
490,De 14 a 17 anos,Hombre,Herido,0,1,0,1
491,De 14 a 17 anos,Hombre,Herido,0,1,0,1
492,De 14 a 17 anos,Hombre,Herido,0,1,0,1
493,De 14 a 17 anos,Hombre,Herido,0,1,0,1
494,De 14 a 17 anos,Hombre,Herido,0,1,0,1
495,De 14 a 17 anos,Hombre,Herido,0,1,0,1
496,De 14 a 17 anos,Hombre,Herido,0,1,0,1
497,De 14 a 17 anos,Hombre,Herido,0,1,0,1
498,De 14 a 17 anos,Hombre,Herido,0,1,0,1
499,De 14 a 17 anos,Hombre,Herido,0,1,0,1
500,De 14 a 17 anos,Hombre,Herido,0,1,0,1
501,De 14 a 17 anos,Hombre,Herido,0,1,0,1
502,De 14 a 17 anos,Hombre,Herido,0,1,0,1
503,De 14 a 17 anos,Hombre,Herido,0,1,0,1
504,De 14 a 17 anos,Hombre,Herido,0,1,0,1
505,De 14 a 17 anos,Hombre,Herido,0,1,0,1
506,De 14 a 17 anos,Hombre,Herido,0,1,0,1
507,De 14 a 17 anos,Hombre,Herido,0,1,0,1
508,De 14 a 17 anos,Hombre,Herido,0,1,0,1
509,De 14 a 17 anos,Hombre,Herido,0,1,0,1
510,De 14 a 17 anos,Hombre,Herido,0,1,0,1
511,De 14 a 17 anos,Hombre,Herido,0,1,0,1
512,De 14 a 17 anos,Hombre,Herido,0,1,0,1
513,De 14 a 17 anos,Hombre,Herido,0,1,0,1
514,De 14 a 17 anos,Hombre,Herido,0,1,0,1
515,De 14 a 17 anos,Hombre,Herido,0,1,0,1
516,De 14 a 17 anos,Hombre,Herido,0,1,0,1
517,De 14 a 17 anos,Hombre,Herido,0,1,0,1
518,De 14 a 17 anos,Hombre,Herido,0,1,0,1
519,De 14 a 17 anos,Hombre,Herido,0,1,0,1
520,De 14 a 17 anos,Hombre,Herido,0,1,0,1
521,De 14 a 17 anos,Hombre,Herido,0,1,0,1
522,De 14 a 17 anos,Hombre,Herido,0,1,0,1
523,De 14 a 17 anos,Hombre,Herido,0,1,0,1
524,De 14 a 17 anos,Hombre,Herido,0,1,0,1
525,De 14 a 17 anos,Hombre,Herido,0,1,0,1
526,De 14 a 17 anos,Hombre,Herido,0,1,0,1
527,De 14 a 17 anos,Hombre,Herido,0,1,0,1
528,De 14 a 17 anos,Hombre,Herido,0,1,0,1
529,De 14 a 17 anos,Hombre,Herido,0,1,0,1
530,De 14 a 17 anos,Hombre,Herido,0,1,0,1
531,De 14 a 17 anos,Hombre,Herido,0,1,0,1
532,De 14 a 17 anos,Hombre,Herido,0,1,0,1
533,De 14 a 17 anos,Hombre,Herido,0,1,0,1
534,De 14 a 17 anos,Hombre,Herido,0,1,0,1
535,De 14 a 17 anos,Hombre,Herido,0,1,0,1
536,De 14 a 17 anos,Hombre,Herido,0,1,0,1
537,De 14 a 17 anos,Hombre,Herido,0,1,0,1
538,De 14 a 17 anos,Hombre,Herido,0,1,0,1
539,De 14 a 17 anos,Hombre,Herido,0,1,0,1
540,De 14 a 17 anos,Hombre,Herido,0,1,0,1
541,De 14 a 17 anos,Hombre,Herido,0,1,0,1
542,De 14 a 17 anos,Hombre,Herido,0,1,0,1
543,De 14 a 17 anos,Hombre,Herido,0,1,0,1
544,De 14 a 17 anos,Hombre,Herido,0,1,0,1
545,De 14 a 17 anos,Hombre,Herido,0,1,0,1
546,De 14 a 17 anos,Hombre,Herido,0,1,0,1
547,De 14 a 17 anos,Hombre,Herido,0,1,0,1
548,De 14 a 17 anos,Hombre,Herido,0,1,0,1
549,De 14 a 17 anos,Hombre,Herido,0,1,0,1
550,De 14 a 17 anos,Hombre,Herido,0,1,0,1
551,De 14 a 17 anos,Hombre,Herido,0,1,0,1
552,De 14 a 17 anos,Hombre,Herido,0,1,0,1
553,De 14 a 17 anos,Hombre,Herido,0,1,0,1
554,De 14 a 17 anos,Hombre,Herido,0,1,0,1
555,De 14 a 17 anos,Hombre,Herido,0,1,0,1
556,De 14 a 17 anos,Hombre,Herido,0,1,0,1
557,De 14 a 17 anos,Hombre,Herido,0,1,0,1
558,De 14 a 17 anos,Hombre,Herido,0,1,0,1
559,De 14 a 17 anos,Hombre,Herido,0,1,0,1
560,De 14 a 17 anos,Hombre,Herido,0,1,0,1
561,De 14 a 17 anos,Hombre,Herido,0,1,0,1
562,De 14 a 17 anos,Hombre,Herido,0,1,0,1
563,De 14 a 17 anos,Hombre,Herido,0,1,0,1
564,De 14 a 17 anos,Hombre,Herido,0,1,0,1
565,De 14 a 17 anos,Hombre,Herido,0,1,0,1
566,De 14 a 17 anos,Hombre,Herido,0,1,0,1
567,De 14 a 17 anos,Hombre,Herido,0,1,0,1
568,De 14 a 17 anos,Hombre,Herido,0,1,0,1
569,De 14 a 17 anos,Hombre,Herido,0,1,0,1
570,De 14 a 17 anos,Hombre,Herido,0,1,0,1
571,De 14 a 17 anos,Hombre,Herido,0,1,0,1
572,De 14 a 17 anos,Hombre,Herido,0,1,0,1
573,De 14 a 17 anos,Hombre,Herido,0,1,0,1
574,De 14 a 17 anos,Hombre,Herido,0,1,0,1
575,De 14 a 17 anos,Hombre,Herido,0,1,0,1
576,De 14 a 17 anos,Hombre,Herido,0,1,0,1
577,De 14 a 17 anos,Hombre,Herido,0,1,0,1
578,De 14 a 17 anos,Hombre,Herido,0,1,0,1
579,De 14 a 17 anos,Hombre,Herido,0,1,0,1
580,De 14 a 17 anos,Hombre,Herido,0,1,0,1
581,De 14 a 17 anos,Hombre,Herido,0,1,0,1
582,De 14 a 17 anos,Hombre,Herido,0,1,0,1
583,De 14 a 17 anos,Hombre,Herido,0,1,0,1
584,De 14 a 17 anos,Hombre,Herido,0,1,0,1
585,De 14 a 17 anos,Hombre,Herido,0,1,0,1
586,De 14 a 17 anos,Hombre,Herido,0,1,0,1
587,De 14 a 17 anos,Hombre,Herido,0,1,0,1
588,De 14 a 17 anos,Hombre,Herido,0,1,0,1
589,De 14 a 17 anos,Hombre,Herido,0,1,0,1
590,De 14 a 17 anos,Hombre,Herido,0,1,0,1
591,De 14 a 17 anos,Hombre,Herido,0,1,0,1
592,De 14 a 17 anos,Hombre,Herido,0,1,0,1
593,De 14 a 17 anos,Hombre,Herido,0,1,0,1
594,De 14 a 17 anos,Hombre,Herido,0,1,0,1
595,De 14 a 17 anos,Hombre,Herido,0,1,0,1
596,De 14 a 17 anos,Mujer,Herido,0,0,0,1
597,De 14 a 17 anos,Mujer,Herido,0,0,0,1
598,De 14 a 17 anos,Mujer,Herido,0,0,0,1
599,De 14 a 17 anos,Mujer,Herido,0,0,0,1
600,De 14 a 17 anos,Mujer,Herido,0,0,0,1
601,De 14 a 17 anos,Mujer,Herido,0,0,0,1
602,De 14 a 17 anos,Mujer,Herido,0,0,0,1
603,De 14 a 17 anos,Mujer,Herido,0,0,0,1
604,De 14 a 17 anos,Mujer,Herido,0,0,0,1
605,De 14 a 17 anos,Mujer,Herido,0,0,0,1
606,De 14 a 17 anos,Mujer,Herido,0,0,0,1
607,De 14 a 17 anos,Mujer,Herido,0,0,0,1
608,De 14 a 17 anos,Mujer,Herido,0,0,0,1
609,De 14 a 17 anos,Mujer,Herido,0,0,0,1
610,De 14 a 17 anos,Mujer,Herido,0,0,0,1
611,De 14 a 17 anos,Mujer,Herido,0,0,0,1
612,De 14 a 17 anos,Mujer,Herido,0,0,0,1
613,De 14 a 17 anos,Mujer,Herido,0,0,0,1
614,De 14 a 17 anos,Mujer,Herido,0,0,0,1
615,De 14 a 17 anos,Mujer,Herido,0,0,0,1
616,De 14 a 17 anos,Mujer,Herido,0,0,0,1
617,De 14 a 17 anos,Mujer,Herido,0,0,0,1
618,De 14 a 17 anos,Mujer,Herido,0,0,0,1
619,De 14 a 17 anos,Mujer,Herido,0,0,0,1
620,De 14 a 17 anos,Mujer,Herido,0,0,0,1
621,De 14 a 17 anos,Mujer,Herido,0,0,0,1
622,De 14 a 17 anos,Mujer,Herido,0,0,0,1
623,De 14 a 17 anos,Mujer,Herido,0,0,0,1
624,De 14 a 17 anos,Mujer,Herido,0,0,0,1
625,De 14 a 17 anos,Mujer,Herido,0,0,0,1
626,De 14 a 17 anos,Mujer,Herido,0,0,0,1
627,De 14 a 17 anos,Mujer,Herido,0,0,0,1
628,De 14 a 17 anos,Mujer,Herido,0,0,0,1
629,De 14 a 17 anos,Mujer,Herido,0,0,0,1
630,De 14 a 17 anos,Mujer,Herido,0,0,0,1
631,De 14 a 17 anos,Mujer,Herido,0,0,0,1
632,De 14 a 17 anos,Mujer,Herido,0,0,0,1
633,De 14 a 17 anos,Mujer,Herido,0,0,0,1
634,De 14 a 17 anos,Mujer,Herido,0,0,0,1
635,De 14 a 17 anos,Mujer,Herido,0,0,0,1
636,De 14 a 17 anos,Mujer,Herido,0,0,0,1
637,De 14 a 17 anos,Mujer,Herido,0,0,0,1
638,De 14 a 17 anos,Mujer,Herido,0,0,0,1
639,De 14 a 17 anos,Mujer,Herido,0,0,0,1
640,De 14 a 17 anos,Mujer,Herido,0,0,0,1
641,De 14 a 17 anos,Mujer,Herido,0,0,0,1
642,De 14 a 17 anos,Mujer,Herido,0,0,0,1
643,De 14 a 17 anos,Mujer,Herido,0,0,0,1
644,De 14 a 17 anos,Mujer,Herido,0,0,0,1
645,De 14 a 17 anos,Mujer,Herido,0,0,0,1
646,De 14 a 17 anos,Mujer,Herido,0,0,0,1
647,De 14 a 17 anos,Mujer,Herido,0,0,0,1
648,De 14 a 17 anos,Mujer,Herido,0,0,0,1
649,De 14 a 17 anos,Mujer,Herido,0,0,0,1
650,De 14 a 17 anos,Mujer,Herido,0,0,0,1
651,De 14 a 17 anos,Mujer,Herido,0,0,0,1
652,De 14 a 17 anos,Mujer,Herido,0,0,0,1
653,De 14 a 17 anos,Mujer,Herido,0,0,0,1
654,De 14 a 17 anos,Mujer,Herido,0,0,0,1
655,De 14 a 17 anos,Mujer,Herido,0,0,0,1
656,De 14 a 17 anos,Mujer,Herido,0,0,0,1
657,De 14 a 17 anos,Mujer,Herido,0,0,0,1
658,De 14 a 17 anos,Mujer,Herido,0,0,0,1
659,De 14 a 17 anos,Mujer,Herido,0,0,0,1
660,De 14 a 17 anos,Mujer,Herido,0,0,0,1
661,De 14 a 17 anos,Mujer,Herido,0,0,0,1
662,De 14 a 17 anos,Mujer,Herido,0,0,0,1
663,De 14 a 17 anos,Mujer,Herido,0,0,0,1
664,De 14 a 17 anos,Mujer,Herido,0,0,0,1
665,De 14 a 17 anos,Mujer,Herido,0,0,0,1
666,De 14 a 17 anos,Mujer,Herido,0,0,0,1
667,De 14 a 17 anos,Mujer,Herido,0,0,0,1
668,De 14 a 17 anos,Mujer,Herido,0,0,0,1
669,De 14 a 17 anos,Mujer,Herido,0,0,0,1
670,De 14 a 17 anos,Mujer,Herido,0,0,0,1
671,De 14 a 17 anos,Mujer,Herido,0,0,0,1
672,De 14 a 17 anos,Mujer,Herido,0,0,0,1
673,De 14 a 17 anos,Mujer,Herido,0,0,0,1
674,De 14 a 17 anos,Mujer,Herido,0,0,0,1
675,De 14 a 17 anos,Mujer,Herido,0,0,0,1
676,De 14 a 17 anos,Mujer,Herido,0,0,0,1
677,De 14 a 17 anos,Mujer,Herido,0,0,0,1
678,De 14 a 17 anos,Mujer,Herido,0,0,0,1
679,De 14 a 17 anos,Mujer,Herido,0,0,0,1
680,De 14 a 17 anos,Mujer,Herido,0,0,0,1
681,De 14 a 17 anos,Mujer,Herido,0,0,0,1
682,De 14 a 17 anos,Mujer,Herido,0,0,0,1
683,De 14 a 17 anos,Mujer,Herido,0,0,0,1
684,De 14 a 17 anos,Mujer,Herido,0,0,0,1
685,De 14 a 17 anos,Mujer,Herido,0,0,0,1
686,De 14 a 17 anos,Mujer,Herido,0,0,0,1
687,De 14 a 17 anos,Mujer,Herido,0,0,0,1
688,De 14 a 17 anos,Mujer,Herido,0,0,0,1
689,De 14 a 17 anos,Mujer,Herido,0,0,0,1
690,De 14 a 17 anos,Mujer,Herido,0,0,0,1
691,De 14 a 17 anos,Mujer,Herido,0,0,0,1
692,De 14 a 17 anos,Mujer,Herido,0,0,0,1
693,De 14 a 17 anos,Mujer,Herido,0,0,0,1
694,De 14 a 17 anos,Mujer,Herido,0,0,0,1
695,De 14 a 17 anos,Mujer,Herido,0,0,0,1
696,De 14 a 17 anos,Mujer,Herido,0,0,0,1
697,De 14 a 17 anos,Mujer,Herido,0,0,0,1
698,De 14 a 17 anos,Mujer,Herido,0,0,0,1
699,De 14 a 17 anos,Hombre,Fallecido,1,1,0,1
700,De 14 a 17 anos,Hombre,Fallecido,1,1,0,1
701,De 14 a 17 anos,Hombre,Fallecido,1,1,0,1
702,De 14 a 17 anos,Hombre,Fallecido,1,1,0,1
703,De 14 a 17 anos,Hombre,Fallecido,1,1,0,1
704,De 14 a 17 anos,Hombre,Fallecido,1,1,0,1
705,De 14 a 17 anos,Hombre,Fallecido,1,1,0,1
706,De 14 a 17 anos,Hombre,Fallecido,1,1,0,1
707,De 14 a 17 anos,Hombre,Fallecido,1,1,0,1
708,De 14 a 17 anos,Hombre,Fallecido,1,1,0,1
709,De 14 a 17 anos,Hombre,Fallecido,1,1,0,1
710,De 14 a 17 anos,Hombre,Fallecido,1,1,0,1
711,De 14 a 17 anos,Hombre,Fallecido,1,1,0,1
712,De 14 a 17 anos,Hombre,Fallecido,1,1,0,1
713,De 14 a 17 anos,Hombre,Fallecido,1,1,0,1
714,De 14 a 17 anos,Hombre,Fallecido,1,1,0,1
715,De 14 a 17 anos,Hombre,Fallecido,1,1,0,1
716,De 14 a 17 anos,Hombre,Fallecido,1,1,0,1
717,De 14 a 17 anos,Hombre,Fallecido,1,1,0,1
718,De 14 a 17 anos,Hombre,Fallecido,1,1,0,1
719,De 14 a 17 anos,Hombre,Fallecido,1,1,0,1
720,De 14 a 17 anos,Hombre,Fallecido,1,1,0,1
721,De 14 a 17 anos,Hombre,Fallecido,1,1,0,1
722,De 14 a 17 anos,Hombre,Fallecido,1,1,0,1
723,De 14 a 17 anos,Hombre,Fallecido,1,1,0,1
724,De 14 a 17 anos,Hombre,Fallecido,1,1,0,1
725,De 14 a 17 anos,Hombre,Fallecido,1,1,0,1
726,De 14 a 17 anos,Hombre,Fallecido,1,1,0,1
727,De 14 a 17 anos,Hombre,Fallecido,1,1,0,1
728,De 14 a 17 anos,Hombre,Fallecido,1,1,0,1
729,De 14 a 17 anos,Hombre,Fallecido,1,1,0,1
730,De 14 a 17 anos,Hombre,Fallecido,1,1,0,1
731,De 14 a 17 anos,Hombre,Fallecido,1,1,0,1
732,De 14 a 17 anos,Hombre,Fallecido,1,1,0,1
733,De 14 a 17 anos,Hombre,Fallecido,1,1,0,1
734,De 14 a 17 anos,Hombre,Fallecido,1,1,0,1
735,De 14 a 17 anos,Hombre,Fallecido,1,1,0,1
736,De 14 a 17 anos,Hombre,Fallecido,1,1,0,1
737,De 14 a 17 anos,Hombre,Fallecido,1,1,0,1
738,De 14 a 17 anos,Hombre,Fallecido,1,1,0,1
739,De 14 a 17 anos,Hombre,Fallecido,1,1,0,1
740,De 14 a 17 anos,Hombre,Fallecido,1,1,0,1
741,De 14 a 17 anos,Hombre,Fallecido,1,1,0,1
742,De 14 a 17 anos,Hombre,Fallecido,1,1,0,1
743,De 14 a 17 anos,Hombre,Fallecido,1,1,0,1
744,De 14 a 17 anos,Hombre,Fallecido,1,1,0,1
745,De 14 a 17 anos,Hombre,Fallecido,1,1,0,1
746,De 14 a 17 anos,Hombre,Fallecido,1,1,0,1
747,De 14 a 17 anos,Mujer,Fallecido,1,0,0,1
748,De 14 a 17 anos,Mujer,Fallecido,1,0,0,1
749,De 14 a 17 anos,Mujer,Fallecido,1,0,0,1
750,De 14 a 17 anos,Mujer,Fallecido,1,0,0,1
751,De 14 a 17 anos,Mujer,Fallecido,1,0,0,1
752,De 14 a 17 anos,Mujer,Fallecido,1,0,0,1
753,De 14 a 17 anos,Mujer,Fallecido,1,0,0,1
754,De 14 a 17 anos,Mujer,Fallecido,1,0,0,1
755,De 14 a 17 anos,Mujer,Fallecido,1,0,0,1
756,De 18 a 29 anos,Hombre,Herido,0,1,0,2
757,De 18 a 29 anos,Hombre,Herido,0,1,0,2
758,De 18 a 29 anos,Hombre,Herido,0,1,0,2
759,De 18 a 29 anos,Hombre,Herido,0,1,0,2
760,De 18 a 29 anos,Hombre,Herido,0,1,0,2
761,De 18 a 29 anos,Hombre,Herido,0,1,0,2
762,De 18 a 29 anos,Hombre,Herido,0,1,0,2
763,De 18 a 29 anos,Hombre,Herido,0,1,0,2
764,De 18 a 29 anos,Hombre,Herido,0,1,0,2
765,De 18 a 29 anos,Hombre,Herido,0,1,0,2
766,De 18 a 29 anos,Hombre,Herido,0,1,0,2
767,De 18 a 29 anos,Hombre,Herido,0,1,0,2
768,De 18 a 29 anos,Hombre,Herido,0,1,0,2
769,De 18 a 29 anos,Hombre,Herido,0,1,0,2
770,De 18 a 29 anos,Hombre,Herido,0,1,0,2
771,De 18 a 29 anos,Hombre,Herido,0,1,0,2
772,De 18 a 29 anos,Hombre,Herido,0,1,0,2
773,De 18 a 29 anos,Hombre,Herido,0,1,0,2
774,De 18 a 29 anos,Hombre,Herido,0,1,0,2
775,De 18 a 29 anos,Hombre,Herido,0,1,0,2
776,De 18 a 29 anos,Hombre,Herido,0,1,0,2
777,De 18 a 29 anos,Hombre,Herido,0,1,0,2
778,De 18 a 29 anos,Hombre,Herido,0,1,0,2
779,De 18 a 29 anos,Hombre,Herido,0,1,0,2
780,De 18 a 29 anos,Hombre,Herido,0,1,0,2
781,De 18 a 29 anos,Hombre,Herido,0,1,0,2
782,De 18 a 29 anos,Hombre,Herido,0,1,0,2
783,De 18 a 29 anos,Hombre,Herido,0,1,0,2
784,De 18 a 29 anos,Hombre,Herido,0,1,0,2
785,De 18 a 29 anos,Hombre,Herido,0,1,0,2
786,De 18 a 29 anos,Hombre,Herido,0,1,0,2
787,De 18 a 29 anos,Hombre,Herido,0,1,0,2
788,De 18 a 29 anos,Hombre,Herido,0,1,0,2
789,De 18 a 29 anos,Hombre,Herido,0,1,0,2
790,De 18 a 29 anos,Hombre,Herido,0,1,0,2
791,De 18 a 29 anos,Hombre,Herido,0,1,0,2
792,De 18 a 29 anos,Hombre,Herido,0,1,0,2
793,De 18 a 29 anos,Hombre,Herido,0,1,0,2
794,De 18 a 29 anos,Hombre,Herido,0,1,0,2
795,De 18 a 29 anos,Hombre,Herido,0,1,0,2
796,De 18 a 29 anos,Hombre,Herido,0,1,0,2
797,De 18 a 29 anos,Hombre,Herido,0,1,0,2
798,De 18 a 29 anos,Hombre,Herido,0,1,0,2
799,De 18 a 29 anos,Hombre,Herido,0,1,0,2
800,De 18 a 29 anos,Hombre,Herido,0,1,0,2
801,De 18 a 29 anos,Hombre,Herido,0,1,0,2
802,De 18 a 29 anos,Hombre,Herido,0,1,0,2
803,De 18 a 29 anos,Hombre,Herido,0,1,0,2
804,De 18 a 29 anos,Hombre,Herido,0,1,0,2
805,De 18 a 29 anos,Hombre,Herido,0,1,0,2
806,De 18 a 29 anos,Hombre,Herido,0,1,0,2
807,De 18 a 29 anos,Hombre,Herido,0,1,0,2
808,De 18 a 29 anos,Hombre,Herido,0,1,0,2
809,De 18 a 29 anos,Hombre,Herido,0,1,0,2
810,De 18 a 29 anos,Hombre,Herido,0,1,0,2
811,De 18 a 29 anos,Hombre,Herido,0,1,0,2
812,De 18 a 29 anos,Hombre,Herido,0,1,0,2
813,De 18 a 29 anos,Hombre,Herido,0,1,0,2
814,De 18 a 29 anos,Hombre,Herido,0,1,0,2
815,De 18 a 29 anos,Hombre,Herido,0,1,0,2
816,De 18 a 29 anos,Hombre,Herido,0,1,0,2
817,De 18 a 29 anos,Hombre,Herido,0,1,0,2
818,De 18 a 29 anos,Hombre,Herido,0,1,0,2
819,De 18 a 29 anos,Hombre,Herido,0,1,0,2
820,De 18 a 29 anos,Hombre,Herido,0,1,0,2
821,De 18 a 29 anos,Hombre,Herido,0,1,0,2
822,De 18 a 29 anos,Hombre,Herido,0,1,0,2
823,De 18 a 29 anos,Hombre,Herido,0,1,0,2
824,De 18 a 29 anos,Hombre,Herido,0,1,0,2
825,De 18 a 29 anos,Hombre,Herido,0,1,0,2
826,De 18 a 29 anos,Hombre,Herido,0,1,0,2
827,De 18 a 29 anos,Hombre,Herido,0,1,0,2
828,De 18 a 29 anos,Hombre,Herido,0,1,0,2
829,De 18 a 29 anos,Hombre,Herido,0,1,0,2
830,De 18 a 29 anos,Hombre,Herido,0,1,0,2
831,De 18 a 29 anos,Hombre,Herido,0,1,0,2
832,De 18 a 29 anos,Hombre,Herido,0,1,0,2
833,De 18 a 29 anos,Hombre,Herido,0,1,0,2
834,De 18 a 29 anos,Hombre,Herido,0,1,0,2
835,De 18 a 29 anos,Hombre,Herido,0,1,0,2
836,De 18 a 29 anos,Hombre,Herido,0,1,0,2
837,De 18 a 29 anos,Hombre,Herido,0,1,0,2
838,De 18 a 29 anos,Hombre,Herido,0,1,0,2
839,De 18 a 29 anos,Hombre,Herido,0,1,0,2
840,De 18 a 29 anos,Hombre,Herido,0,1,0,2
841,De 18 a 29 anos,Hombre,Herido,0,1,0,2
842,De 18 a 29 anos,Hombre,Herido,0,1,0,2
843,De 18 a 29 anos,Hombre,Herido,0,1,0,2
844,De 18 a 29 anos,Hombre,Herido,0,1,0,2
845,De 18 a 29 anos,Hombre,Herido,0,1,0,2
846,De 18 a 29 anos,Hombre,Herido,0,1,0,2
847,De 18 a 29 anos,Hombre,Herido,0,1,0,2
848,De 18 a 29 anos,Hombre,Herido,0,1,0,2
849,De 18 a 29 anos,Hombre,Herido,0,1,0,2
850,De 18 a 29 anos,Hombre,Herido,0,1,0,2
851,De 18 a 29 anos,Hombre,Herido,0,1,0,2
852,De 18 a 29 anos,Hombre,Herido,0,1,0,2
853,De 18 a 29 anos,Hombre,Herido,0,1,0,2
854,De 18 a 29 anos,Hombre,Herido,0,1,0,2
855,De 18 a 29 anos,Hombre,Herido,0,1,0,2
856,De 18 a 29 anos,Hombre,Herido,0,1,0,2
857,De 18 a 29 anos,Hombre,Herido,0,1,0,2
858,De 18 a 29 anos,Hombre,Herido,0,1,0,2
859,De 18 a 29 anos,Hombre,Herido,0,1,0,2
860,De 18 a 29 anos,Hombre,Herido,0,1,0,2
861,De 18 a 29 anos,Hombre,Herido,0,1,0,2
862,De 18 a 29 anos,Hombre,Herido,0,1,0,2
863,De 18 a 29 anos,Hombre,Herido,0,1,0,2
864,De 18 a 29 anos,Hombre,Herido,0,1,0,2
865,De 18 a 29 anos,Hombre,Herido,0,1,0,2
866,De 18 a 29 anos,Hombre,Herido,0,1,0,2
867,De 18 a 29 anos,Hombre,Herido,0,1,0,2
868,De 18 a 29 anos,Hombre,Herido,0,1,0,2
869,De 18 a 29 anos,Hombre,Herido,0,1,0,2
870,De 18 a 29 anos,Hombre,Herido,0,1,0,2
871,De 18 a 29 anos,Hombre,Herido,0,1,0,2
872,De 18 a 29 anos,Hombre,Herido,0,1,0,2
873,De 18 a 29 anos,Hombre,Herido,0,1,0,2
874,De 18 a 29 anos,Hombre,Herido,0,1,0,2
875,De 18 a 29 anos,Hombre,Herido,0,1,0,2
876,De 18 a 29 anos,Hombre,Herido,0,1,0,2
877,De 18 a 29 anos,Hombre,Herido,0,1,0,2
878,De 18 a 29 anos,Hombre,Herido,0,1,0,2
879,De 18 a 29 anos,Hombre,Herido,0,1,0,2
880,De 18 a 29 anos,Hombre,Herido,0,1,0,2
881,De 18 a 29 anos,Hombre,Herido,0,1,0,2
882,De 18 a 29 anos,Hombre,Herido,0,1,0,2
883,De 18 a 29 anos,Hombre,Herido,0,1,0,2
884,De 18 a 29 anos,Hombre,Herido,0,1,0,2
885,De 18 a 29 anos,Hombre,Herido,0,1,0,2
886,De 18 a 29 anos,Hombre,Herido,0,1,0,2
887,De 18 a 29 anos,Hombre,Herido,0,1,0,2
888,De 18 a 29 anos,Hombre,Herido,0,1,0,2
889,De 18 a 29 anos,Hombre,Herido,0,1,0,2
890,De 18 a 29 anos,Hombre,Herido,0,1,0,2
891,De 18 a 29 anos,Hombre,Herido,0,1,0,2
892,De 18 a 29 anos,Hombre,Herido,0,1,0,2
893,De 18 a 29 anos,Hombre,Herido,0,1,0,2
894,De 18 a 29 anos,Hombre,Herido,0,1,0,2
895,De 18 a 29 anos,Hombre,Herido,0,1,0,2
896,De 18 a 29 anos,Hombre,Herido,0,1,0,2
897,De 18 a 29 anos,Hombre,Herido,0,1,0,2
898,De 18 a 29 anos,Hombre,Herido,0,1,0,2
899,De 18 a 29 anos,Hombre,Herido,0,1,0,2
900,De 18 a 29 anos,Hombre,Herido,0,1,0,2
901,De 18 a 29 anos,Hombre,Herido,0,1,0,2
902,De 18 a 29 anos,Hombre,Herido,0,1,0,2
903,De 18 a 29 anos,Hombre,Herido,0,1,0,2
904,De 18 a 29 anos,Hombre,Herido,0,1,0,2
905,De 18 a 29 anos,Hombre,Herido,0,1,0,2
906,De 18 a 29 anos,Hombre,Herido,0,1,0,2
907,De 18 a 29 anos,Hombre,Herido,0,1,0,2
908,De 18 a 29 anos,Hombre,Herido,0,1,0,2
909,De 18 a 29 anos,Hombre,Herido,0,1,0,2
910,De 18 a 29 anos,Hombre,Herido,0,1,0,2
911,De 18 a 29 anos,Hombre,Herido,0,1,0,2
912,De 18 a 29 anos,Hombre,Herido,0,1,0,2
913,De 18 a 29 anos,Hombre,Herido,0,1,0,2
914,De 18 a 29 anos,Hombre,Herido,0,1,0,2
915,De 18 a 29 anos,Hombre,Herido,0,1,0,2
916,De 18 a 29 anos,Hombre,Herido,0,1,0,2
917,De 18 a 29 anos,Hombre,Herido,0,1,0,2
918,De 18 a 29 anos,Hombre,Herido,0,1,0,2
919,De 18 a 29 anos,Hombre,Herido,0,1,0,2
920,De 18 a 29 anos,Hombre,Herido,0,1,0,2
921,De 18 a 29 anos,Hombre,Herido,0,1,0,2
922,De 18 a 29 anos,Hombre,Herido,0,1,0,2
923,De 18 a 29 anos,Hombre,Herido,0,1,0,2
924,De 18 a 29 anos,Hombre,Herido,0,1,0,2
925,De 18 a 29 anos,Hombre,Herido,0,1,0,2
926,De 18 a 29 anos,Hombre,Herido,0,1,0,2
927,De 18 a 29 anos,Hombre,Herido,0,1,0,2
928,De 18 a 29 anos,Hombre,Herido,0,1,0,2
929,De 18 a 29 anos,Hombre,Herido,0,1,0,2
930,De 18 a 29 anos,Hombre,Herido,0,1,0,2
931,De 18 a 29 anos,Hombre,Herido,0,1,0,2
932,De 18 a 29 anos,Hombre,Herido,0,1,0,2
933,De 18 a 29 anos,Hombre,Herido,0,1,0,2
934,De 18 a 29 anos,Hombre,Herido,0,1,0,2
935,De 18 a 29 anos,Hombre,Herido,0,1,0,2
936,De 18 a 29 anos,Hombre,Herido,0,1,0,2
937,De 18 a 29 anos,Hombre,Herido,0,1,0,2
938,De 18 a 29 anos,Hombre,Herido,0,1,0,2
939,De 18 a 29 anos,Hombre,Herido,0,1,0,2
940,De 18 a 29 anos,Hombre,Herido,0,1,0,2
941,De 18 a 29 anos,Hombre,Herido,0,1,0,2
942,De 18 a 29 anos,Hombre,Herido,0,1,0,2
943,De 18 a 29 anos,Hombre,Herido,0,1,0,2
944,De 18 a 29 anos,Hombre,Herido,0,1,0,2
945,De 18 a 29 anos,Hombre,Herido,0,1,0,2
946,De 18 a 29 anos,Hombre,Herido,0,1,0,2
947,De 18 a 29 anos,Hombre,Herido,0,1,0,2
948,De 18 a 29 anos,Hombre,Herido,0,1,0,2
949,De 18 a 29 anos,Hombre,Herido,0,1,0,2
950,De 18 a 29 anos,Hombre,Herido,0,1,0,2
951,De 18 a 29 anos,Hombre,Herido,0,1,0,2
952,De 18 a 29 anos,Hombre,Herido,0,1,0,2
953,De 18 a 29 anos,Hombre,Herido,0,1,0,2
954,De 18 a 29 anos,Hombre,Herido,0,1,0,2
955,De 18 a 29 anos,Hombre,Herido,0,1,0,2
956,De 18 a 29 anos,Hombre,Herido,0,1,0,2
957,De 18 a 29 anos,Hombre,Herido,0,1,0,2
958,De 18 a 29 anos,Hombre,Herido,0,1,0,2
959,De 18 a 29 anos,Hombre,Herido,0,1,0,2
960,De 18 a 29 anos,Hombre,Herido,0,1,0,2
961,De 18 a 29 anos,Hombre,Herido,0,1,0,2
962,De 18 a 29 anos,Hombre,Herido,0,1,0,2
963,De 18 a 29 anos,Hombre,Herido,0,1,0,2
964,De 18 a 29 anos,Hombre,Herido,0,1,0,2
965,De 18 a 29 anos,Hombre,Herido,0,1,0,2
966,De 18 a 29 anos,Hombre,Herido,0,1,0,2
967,De 18 a 29 anos,Hombre,Herido,0,1,0,2
968,De 18 a 29 anos,Hombre,Herido,0,1,0,2
969,De 18 a 29 anos,Hombre,Herido,0,1,0,2
970,De 18 a 29 anos,Hombre,Herido,0,1,0,2
971,De 18 a 29 anos,Hombre,Herido,0,1,0,2
972,De 18 a 29 anos,Hombre,Herido,0,1,0,2
973,De 18 a 29 anos,Hombre,Herido,0,1,0,2
974,De 18 a 29 anos,Hombre,Herido,0,1,0,2
975,De 18 a 29 anos,Hombre,Herido,0,1,0,2
976,De 18 a 29 anos,Hombre,Herido,0,1,0,2
977,De 18 a 29 anos,Hombre,Herido,0,1,0,2
978,De 18 a 29 anos,Hombre,Herido,0,1,0,2
979,De 18 a 29 anos,Hombre,Herido,0,1,0,2
980,De 18 a 29 anos,Hombre,Herido,0,1,0,2
981,De 18 a 29 anos,Hombre,Herido,0,1,0,2
982,De 18 a 29 anos,Hombre,Herido,0,1,0,2
983,De 18 a 29 anos,Hombre,Herido,0,1,0,2
984,De 18 a 29 anos,Hombre,Herido,0,1,0,2
985,De 18 a 29 anos,Hombre,Herido,0,1,0,2
986,De 18 a 29 anos,Hombre,Herido,0,1,0,2
987,De 18 a 29 anos,Hombre,Herido,0,1,0,2
988,De 18 a 29 anos,Hombre,Herido,0,1,0,2
989,De 18 a 29 anos,Hombre,Herido,0,1,0,2
990,De 18 a 29 anos,Hombre,Herido,0,1,0,2
991,De 18 a 29 anos,Hombre,Herido,0,1,0,2
992,De 18 a 29 anos,Hombre,Herido,0,1,0,2
993,De 18 a 29 anos,Hombre,Herido,0,1,0,2
994,De 18 a 29 anos,Hombre,Herido,0,1,0,2
995,De 18 a 29 anos,Hombre,Herido,0,1,0,2
996,De 18 a 29 anos,Hombre,Herido,0,1,0,2
997,De 18 a 29 anos,Hombre,Herido,0,1,0,2
998,De 18 a 29 anos,Hombre,Herido,0,1,0,2
999,De 18 a 29 anos,Hombre,Herido,0,1,0,2
1000,De 18 a 29 anos,Hombre,Herido,0,1,0,2
1001,De 18 a 29 anos,Hombre,Herido,0,1,0,2
1002,De 18 a 29 anos,Hombre,Herido,0,1,0,2
1003,De 18 a 29 anos,Hombre,Herido,0,1,0,2
1004,De 18 a 29 anos,Hombre,Herido,0,1,0,2
1005,De 18 a 29 anos,Hombre,Herido,0,1,0,2
1006,De 18 a 29 anos,Hombre,Herido,0,1,0,2
1007,De 18 a 29 anos,Hombre,Herido,0,1,0,2
1008,De 18 a 29 anos,Hombre,Herido,0,1,0,2
1009,De 18 a 29 anos,Hombre,Herido,0,1,0,2
1010,De 18 a 29 anos,Hombre,Herido,0,1,0,2
1011,De 18 a 29 anos,Hombre,Herido,0,1,0,2
1012,De 18 a 29 anos,Hombre,Herido,0,1,0,2
1013,De 18 a 29 anos,Hombre,Herido,0,1,0,2
1014,De 18 a 29 anos,Hombre,Herido,0,1,0,2
1015,De 18 a 29 anos,Hombre,Herido,0,1,0,2
1016,De 18 a 29 anos,Hombre,Herido,0,1,0,2
1017,De 18 a 29 anos,Hombre,Herido,0,1,0,2
1018,De 18 a 29 anos,Hombre,Herido,0,1,0,2
1019,De 18 a 29 anos,Hombre,Herido,0,1,0,2
1020,De 18 a 29 anos,Hombre,Herido,0,1,0,2
1021,De 18 a 29 anos,Hombre,Herido,0,1,0,2
1022,De 18 a 29 anos,Hombre,Herido,0,1,0,2
1023,De 18 a 29 anos,Hombre,Herido,0,1,0,2
1024,De 18 a 29 anos,Hombre,Herido,0,1,0,2
1025,De 18 a 29 anos,Hombre,Herido,0,1,0,2
1026,De 18 a 29 anos,Hombre,Herido,0,1,0,2
1027,De 18 a 29 anos,Hombre,Herido,0,1,0,2
1028,De 18 a 29 anos,Hombre,Herido,0,1,0,2
1029,De 18 a 29 anos,Hombre,Herido,0,1,0,2
1030,De 18 a 29 anos,Hombre,Herido,0,1,0,2
1031,De 18 a 29 anos,Hombre,Herido,0,1,0,2
1032,De 18 a 29 anos,Hombre,Herido,0,1,0,2
1033,De 18 a 29 anos,Hombre,Herido,0,1,0,2
1034,De 18 a 29 anos,Hombre,Herido,0,1,0,2
1035,De 18 a 29 anos,Hombre,Herido,0,1,0,2
1036,De 18 a 29 anos,Hombre,Herido,0,1,0,2
1037,De 18 a 29 anos,Hombre,Herido,0,1,0,2
1038,De 18 a 29 anos,Hombre,Herido,0,1,0,2
1039,De 18 a 29 anos,Hombre,Herido,0,1,0,2
1040,De 18 a 29 anos,Hombre,Herido,0,1,0,2
1041,De 18 a 29 anos,Hombre,Herido,0,1,0,2
1042,De 18 a 29 anos,Hombre,Herido,0,1,0,2
1043,De 18 a 29 anos,Hombre,Herido,0,1,0,2
1044,De 18 a 29 anos,Hombre,Herido,0,1,0,2
1045,De 18 a 29 anos,Hombre,Herido,0,1,0,2
1046,De 18 a 29 anos,Hombre,Herido,0,1,0,2
1047,De 18 a 29 anos,Hombre,Herido,0,1,0,2
1048,De 18 a 29 anos,Hombre,Herido,0,1,0,2
1049,De 18 a 29 anos,Hombre,Herido,0,1,0,2
1050,De 18 a 29 anos,Hombre,Herido,0,1,0,2
1051,De 18 a 29 anos,Hombre,Herido,0,1,0,2
1052,De 18 a 29 anos,Hombre,Herido,0,1,0,2
1053,De 18 a 29 anos,Hombre,Herido,0,1,0,2
1054,De 18 a 29 anos,Hombre,Herido,0,1,0,2
1055,De 18 a 29 anos,Hombre,Herido,0,1,0,2
1056,De 18 a 29 anos,Hombre,Herido,0,1,0,2
1057,De 18 a 29 anos,Hombre,Herido,0,1,0,2
1058,De 18 a 29 anos,Hombre,Herido,0,1,0,2
1059,De 18 a 29 anos,Hombre,Herido,0,1,0,2
1060,De 18 a 29 anos,Hombre,Herido,0,1,0,2
1061,De 18 a 29 anos,Hombre,Herido,0,1,0,2
1062,De 18 a 29 anos,Hombre,Herido,0,1,0,2
1063,De 18 a 29 anos,Hombre,Herido,0,1,0,2
1064,De 18 a 29 anos,Hombre,Herido,0,1,0,2
1065,De 18 a 29 anos,Hombre,Herido,0,1,0,2
1066,De 18 a 29 anos,Hombre,Herido,0,1,0,2
1067,De 18 a 29 anos,Hombre,Herido,0,1,0,2
1068,De 18 a 29 anos,Hombre,Herido,0,1,0,2
1069,De 18 a 29 anos,Hombre,Herido,0,1,0,2
1070,De 18 a 29 anos,Hombre,Herido,0,1,0,2
1071,De 18 a 29 anos,Hombre,Herido,0,1,0,2
1072,De 18 a 29 anos,Hombre,Herido,0,1,0,2
1073,De 18 a 29 anos,Hombre,Herido,0,1,0,2
1074,De 18 a 29 anos,Hombre,Herido,0,1,0,2
1075,De 18 a 29 anos,Hombre,Herido,0,1,0,2
1076,De 18 a 29 anos,Hombre,Herido,0,1,0,2
1077,De 18 a 29 anos,Hombre,Herido,0,1,0,2
1078,De 18 a 29 anos,Hombre,Herido,0,1,0,2
1079,De 18 a 29 anos,Hombre,Herido,0,1,0,2
1080,De 18 a 29 anos,Hombre,Herido,0,1,0,2
1081,De 18 a 29 anos,Hombre,Herido,0,1,0,2
1082,De 18 a 29 anos,Hombre,Herido,0,1,0,2
1083,De 18 a 29 anos,Hombre,Herido,0,1,0,2
1084,De 18 a 29 anos,Hombre,Herido,0,1,0,2
1085,De 18 a 29 anos,Hombre,Herido,0,1,0,2
1086,De 18 a 29 anos,Hombre,Herido,0,1,0,2
1087,De 18 a 29 anos,Hombre,Herido,0,1,0,2
1088,De 18 a 29 anos,Hombre,Herido,0,1,0,2
1089,De 18 a 29 anos,Hombre,Herido,0,1,0,2
1090,De 18 a 29 anos,Hombre,Herido,0,1,0,2
1091,De 18 a 29 anos,Hombre,Herido,0,1,0,2
1092,De 18 a 29 anos,Hombre,Herido,0,1,0,2
1093,De 18 a 29 anos,Hombre,Herido,0,1,0,2
1094,De 18 a 29 anos,Hombre,Herido,0,1,0,2
1095,De 18 a 29 anos,Hombre,Herido,0,1,0,2
1096,De 18 a 29 anos,Hombre,Herido,0,1,0,2
1097,De 18 a 29 anos,Hombre,Herido,0,1,0,2
1098,De 18 a 29 anos,Hombre,Herido,0,1,0,2
1099,De 18 a 29 anos,Hombre,Herido,0,1,0,2
1100,De 18 a 29 anos,Hombre,Herido,0,1,0,2
1101,De 18 a 29 anos,Hombre,Herido,0,1,0,2
1102,De 18 a 29 anos,Hombre,Herido,0,1,0,2
1103,De 18 a 29 anos,Hombre,Herido,0,1,0,2
1104,De 18 a 29 anos,Hombre,Herido,0,1,0,2
1105,De 18 a 29 anos,Hombre,Herido,0,1,0,2
1106,De 18 a 29 anos,Hombre,Herido,0,1,0,2
1107,De 18 a 29 anos,Hombre,Herido,0,1,0,2
1108,De 18 a 29 anos,Hombre,Herido,0,1,0,2
1109,De 18 a 29 anos,Hombre,Herido,0,1,0,2
1110,De 18 a 29 anos,Hombre,Herido,0,1,0,2
1111,De 18 a 29 anos,Hombre,Herido,0,1,0,2
1112,De 18 a 29 anos,Hombre,Herido,0,1,0,2
1113,De 18 a 29 anos,Hombre,Herido,0,1,0,2
1114,De 18 a 29 anos,Hombre,Herido,0,1,0,2
1115,De 18 a 29 anos,Hombre,Herido,0,1,0,2
1116,De 18 a 29 anos,Hombre,Herido,0,1,0,2
1117,De 18 a 29 anos,Hombre,Herido,0,1,0,2
1118,De 18 a 29 anos,Hombre,Herido,0,1,0,2
1119,De 18 a 29 anos,Hombre,Herido,0,1,0,2
1120,De 18 a 29 anos,Hombre,Herido,0,1,0,2
1121,De 18 a 29 anos,Hombre,Herido,0,1,0,2
1122,De 18 a 29 anos,Hombre,Herido,0,1,0,2
1123,De 18 a 29 anos,Hombre,Herido,0,1,0,2
1124,De 18 a 29 anos,Hombre,Herido,0,1,0,2
1125,De 18 a 29 anos,Hombre,Herido,0,1,0,2
1126,De 18 a 29 anos,Hombre,Herido,0,1,0,2
1127,De 18 a 29 anos,Hombre,Herido,0,1,0,2
1128,De 18 a 29 anos,Hombre,Herido,0,1,0,2
1129,De 18 a 29 anos,Hombre,Herido,0,1,0,2
1130,De 18 a 29 anos,Hombre,Herido,0,1,0,2
1131,De 18 a 29 anos,Hombre,Herido,0,1,0,2
1132,De 18 a 29 anos,Hombre,Herido,0,1,0,2
1133,De 18 a 29 anos,Hombre,Herido,0,1,0,2
1134,De 18 a 29 anos,Hombre,Herido,0,1,0,2
1135,De 18 a 29 anos,Hombre,Herido,0,1,0,2
1136,De 18 a 29 anos,Hombre,Herido,0,1,0,2
1137,De 18 a 29 anos,Hombre,Herido,0,1,0,2
1138,De 18 a 29 anos,Hombre,Herido,0,1,0,2
1139,De 18 a 29 anos,Hombre,Herido,0,1,0,2
1140,De 18 a 29 anos,Hombre,Herido,0,1,0,2
1141,De 18 a 29 anos,Hombre,Herido,0,1,0,2
1142,De 18 a 29 anos,Hombre,Herido,0,1,0,2
1143,De 18 a 29 anos,Hombre,Herido,0,1,0,2
1144,De 18 a 29 anos,Hombre,Herido,0,1,0,2
1145,De 18 a 29 anos,Hombre,Herido,0,1,0,2
1146,De 18 a 29 anos,Hombre,Herido,0,1,0,2
1147,De 18 a 29 anos,Hombre,Herido,0,1,0,2
1148,De 18 a 29 anos,Hombre,Herido,0,1,0,2
1149,De 18 a 29 anos,Hombre,Herido,0,1,0,2
1150,De 18 a 29 anos,Hombre,Herido,0,1,0,2
1151,De 18 a 29 anos,Hombre,Herido,0,1,0,2
1152,De 18 a 29 anos,Hombre,Herido,0,1,0,2
1153,De 18 a 29 anos,Hombre,Herido,0,1,0,2
1154,De 18 a 29 anos,Hombre,Herido,0,1,0,2
1155,De 18 a 29 anos,Hombre,Herido,0,1,0,2
1156,De 18 a 29 anos,Hombre,Herido,0,1,0,2
1157,De 18 a 29 anos,Hombre,Herido,0,1,0,2
1158,De 18 a 29 anos,Hombre,Herido,0,1,0,2
1159,De 18 a 29 anos,Hombre,Herido,0,1,0,2
1160,De 18 a 29 anos,Hombre,Herido,0,1,0,2
1161,De 18 a 29 anos,Hombre,Herido,0,1,0,2
1162,De 18 a 29 anos,Hombre,Herido,0,1,0,2
1163,De 18 a 29 anos,Hombre,Herido,0,1,0,2
1164,De 18 a 29 anos,Hombre,Herido,0,1,0,2
1165,De 18 a 29 anos,Hombre,Herido,0,1,0,2
1166,De 18 a 29 anos,Hombre,Herido,0,1,0,2
1167,De 18 a 29 anos,Hombre,Herido,0,1,0,2
1168,De 18 a 29 anos,Hombre,Herido,0,1,0,2
1169,De 18 a 29 anos,Hombre,Herido,0,1,0,2
1170,De 18 a 29 anos,Hombre,Herido,0,1,0,2
1171,De 18 a 29 anos,Hombre,Herido,0,1,0,2
1172,De 18 a 29 anos,Hombre,Herido,0,1,0,2
1173,De 18 a 29 anos,Hombre,Herido,0,1,0,2
1174,De 18 a 29 anos,Hombre,Herido,0,1,0,2
1175,De 18 a 29 anos,Hombre,Herido,0,1,0,2
1176,De 18 a 29 anos,Hombre,Herido,0,1,0,2
1177,De 18 a 29 anos,Hombre,Herido,0,1,0,2
1178,De 18 a 29 anos,Hombre,Herido,0,1,0,2
1179,De 18 a 29 anos,Hombre,Herido,0,1,0,2
1180,De 18 a 29 anos,Hombre,Herido,0,1,0,2
1181,De 18 a 29 anos,Hombre,Herido,0,1,0,2
1182,De 18 a 29 anos,Hombre,Herido,0,1,0,2
1183,De 18 a 29 anos,Hombre,Herido,0,1,0,2
1184,De 18 a 29 anos,Hombre,Herido,0,1,0,2
1185,De 18 a 29 anos,Hombre,Herido,0,1,0,2
1186,De 18 a 29 anos,Hombre,Herido,0,1,0,2
1187,De 18 a 29 anos,Hombre,Herido,0,1,0,2
1188,De 18 a 29 anos,Hombre,Herido,0,1,0,2
1189,De 18 a 29 anos,Hombre,Herido,0,1,0,2
1190,De 18 a 29 anos,Hombre,Herido,0,1,0,2
1191,De 18 a 29 anos,Hombre,Herido,0,1,0,2
1192,De 18 a 29 anos,Hombre,Herido,0,1,0,2
1193,De 18 a 29 anos,Hombre,Herido,0,1,0,2
1194,De 18 a 29 anos,Hombre,Herido,0,1,0,2
1195,De 18 a 29 anos,Hombre,Herido,0,1,0,2
1196,De 18 a 29 anos,Hombre,Herido,0,1,0,2
1197,De 18 a 29 anos,Hombre,Herido,0,1,0,2
1198,De 18 a 29 anos,Hombre,Herido,0,1,0,2
1199,De 18 a 29 anos,Hombre,Herido,0,1,0,2
1200,De 18 a 29 anos,Hombre,Herido,0,1,0,2
1201,De 18 a 29 anos,Hombre,Herido,0,1,0,2
1202,De 18 a 29 anos,Hombre,Herido,0,1,0,2
1203,De 18 a 29 anos,Hombre,Herido,0,1,0,2
1204,De 18 a 29 anos,Hombre,Herido,0,1,0,2
1205,De 18 a 29 anos,Hombre,Herido,0,1,0,2
1206,De 18 a 29 anos,Hombre,Herido,0,1,0,2
1207,De 18 a 29 anos,Hombre,Herido,0,1,0,2
1208,De 18 a 29 anos,Hombre,Herido,0,1,0,2
1209,De 18 a 29 anos,Hombre,Herido,0,1,0,2
1210,De 18 a 29 anos,Hombre,Herido,0,1,0,2
1211,De 18 a 29 anos,Hombre,Herido,0,1,0,2
1212,De 18 a 29 anos,Hombre,Herido,0,1,0,2
1213,De 18 a 29 anos,Hombre,Herido,0,1,0,2
1214,De 18 a 29 anos,Hombre,Herido,0,1,0,2
1215,De 18 a 29 anos,Hombre,Herido,0,1,0,2
1216,De 18 a 29 anos,Hombre,Herido,0,1,0,2
1217,De 18 a 29 anos,Hombre,Herido,0,1,0,2
1218,De 18 a 29 anos,Hombre,Herido,0,1,0,2
1219,De 18 a 29 anos,Hombre,Herido,0,1,0,2
1220,De 18 a 29 anos,Hombre,Herido,0,1,0,2
1221,De 18 a 29 anos,Hombre,Herido,0,1,0,2
1222,De 18 a 29 anos,Hombre,Herido,0,1,0,2
1223,De 18 a 29 anos,Hombre,Herido,0,1,0,2
1224,De 18 a 29 anos,Hombre,Herido,0,1,0,2
1225,De 18 a 29 anos,Hombre,Herido,0,1,0,2
1226,De 18 a 29 anos,Hombre,Herido,0,1,0,2
1227,De 18 a 29 anos,Hombre,Herido,0,1,0,2
1228,De 18 a 29 anos,Hombre,Herido,0,1,0,2
1229,De 18 a 29 anos,Hombre,Herido,0,1,0,2
1230,De 18 a 29 anos,Hombre,Herido,0,1,0,2
1231,De 18 a 29 anos,Hombre,Herido,0,1,0,2
1232,De 18 a 29 anos,Hombre,Herido,0,1,0,2
1233,De 18 a 29 anos,Hombre,Herido,0,1,0,2
1234,De 18 a 29 anos,Hombre,Herido,0,1,0,2
1235,De 18 a 29 anos,Hombre,Herido,0,1,0,2
1236,De 18 a 29 anos,Hombre,Herido,0,1,0,2
1237,De 18 a 29 anos,Hombre,Herido,0,1,0,2
1238,De 18 a 29 anos,Hombre,Herido,0,1,0,2
1239,De 18 a 29 anos,Hombre,Herido,0,1,0,2
1240,De 18 a 29 anos,Hombre,Herido,0,1,0,2
1241,De 18 a 29 anos,Hombre,Herido,0,1,0,2
1242,De 18 a 29 anos,Hombre,Herido,0,1,0,2
1243,De 18 a 29 anos,Hombre,Herido,0,1,0,2
1244,De 18 a 29 anos,Hombre,Herido,0,1,0,2
1245,De 18 a 29 anos,Hombre,Herido,0,1,0,2
1246,De 18 a 29 anos,Hombre,Herido,0,1,0,2
1247,De 18 a 29 anos,Hombre,Herido,0,1,0,2
1248,De 18 a 29 anos,Hombre,Herido,0,1,0,2
1249,De 18 a 29 anos,Hombre,Herido,0,1,0,2
1250,De 18 a 29 anos,Hombre,Herido,0,1,0,2
1251,De 18 a 29 anos,Hombre,Herido,0,1,0,2
1252,De 18 a 29 anos,Hombre,Herido,0,1,0,2
1253,De 18 a 29 anos,Hombre,Herido,0,1,0,2
1254,De 18 a 29 anos,Hombre,Herido,0,1,0,2
1255,De 18 a 29 anos,Hombre,Herido,0,1,0,2
1256,De 18 a 29 anos,Hombre,Herido,0,1,0,2
1257,De 18 a 29 anos,Hombre,Herido,0,1,0,2
1258,De 18 a 29 anos,Hombre,Herido,0,1,0,2
1259,De 18 a 29 anos,Hombre,Herido,0,1,0,2
1260,De 18 a 29 anos,Hombre,Herido,0,1,0,2
1261,De 18 a 29 anos,Hombre,Herido,0,1,0,2
1262,De 18 a 29 anos,Hombre,Herido,0,1,0,2
1263,De 18 a 29 anos,Hombre,Herido,0,1,0,2
1264,De 18 a 29 anos,Hombre,Herido,0,1,0,2
1265,De 18 a 29 anos,Hombre,Herido,0,1,0,2
1266,De 18 a 29 anos,Hombre,Herido,0,1,0,2
1267,De 18 a 29 anos,Hombre,Herido,0,1,0,2
1268,De 18 a 29 anos,Hombre,Herido,0,1,0,2
1269,De 18 a 29 anos,Hombre,Herido,0,1,0,2
1270,De 18 a 29 anos,Hombre,Herido,0,1,0,2
1271,De 18 a 29 anos,Hombre,Herido,0,1,0,2
1272,De 18 a 29 anos,Hombre,Herido,0,1,0,2
1273,De 18 a 29 anos,Hombre,Herido,0,1,0,2
1274,De 18 a 29 anos,Hombre,Herido,0,1,0,2
1275,De 18 a 29 anos,Hombre,Herido,0,1,0,2
1276,De 18 a 29 anos,Hombre,Herido,0,1,0,2
1277,De 18 a 29 anos,Hombre,Herido,0,1,0,2
1278,De 18 a 29 anos,Hombre,Herido,0,1,0,2
1279,De 18 a 29 anos,Hombre,Herido,0,1,0,2
1280,De 18 a 29 anos,Hombre,Herido,0,1,0,2
1281,De 18 a 29 anos,Hombre,Herido,0,1,0,2
1282,De 18 a 29 anos,Hombre,Herido,0,1,0,2
1283,De 18 a 29 anos,Hombre,Herido,0,1,0,2
1284,De 18 a 29 anos,Hombre,Herido,0,1,0,2
1285,De 18 a 29 anos,Hombre,Herido,0,1,0,2
1286,De 18 a 29 anos,Hombre,Herido,0,1,0,2
1287,De 18 a 29 anos,Hombre,Herido,0,1,0,2
1288,De 18 a 29 anos,Hombre,Herido,0,1,0,2
1289,De 18 a 29 anos,Hombre,Herido,0,1,0,2
1290,De 18 a 29 anos,Hombre,Herido,0,1,0,2
1291,De 18 a 29 anos,Hombre,Herido,0,1,0,2
1292,De 18 a 29 anos,Hombre,Herido,0,1,0,2
1293,De 18 a 29 anos,Hombre,Herido,0,1,0,2
1294,De 18 a 29 anos,Hombre,Herido,0,1,0,2
1295,De 18 a 29 anos,Hombre,Herido,0,1,0,2
1296,De 18 a 29 anos,Hombre,Herido,0,1,0,2
1297,De 18 a 29 anos,Hombre,Herido,0,1,0,2
1298,De 18 a 29 anos,Hombre,Herido,0,1,0,2
1299,De 18 a 29 anos,Hombre,Herido,0,1,0,2
1300,De 18 a 29 anos,Hombre,Herido,0,1,0,2
1301,De 18 a 29 anos,Hombre,Herido,0,1,0,2
1302,De 18 a 29 anos,Hombre,Herido,0,1,0,2
1303,De 18 a 29 anos,Hombre,Herido,0,1,0,2
1304,De 18 a 29 anos,Hombre,Herido,0,1,0,2
1305,De 18 a 29 anos,Hombre,Herido,0,1,0,2
1306,De 18 a 29 anos,Hombre,Herido,0,1,0,2
1307,De 18 a 29 anos,Hombre,Herido,0,1,0,2
1308,De 18 a 29 anos,Hombre,Herido,0,1,0,2
1309,De 18 a 29 anos,Hombre,Herido,0,1,0,2
1310,De 18 a 29 anos,Hombre,Herido,0,1,0,2
1311,De 18 a 29 anos,Hombre,Herido,0,1,0,2
1312,De 18 a 29 anos,Hombre,Herido,0,1,0,2
1313,De 18 a 29 anos,Hombre,Herido,0,1,0,2
1314,De 18 a 29 anos,Hombre,Herido,0,1,0,2
1315,De 18 a 29 anos,Hombre,Herido,0,1,0,2
1316,De 18 a 29 anos,Hombre,Herido,0,1,0,2
1317,De 18 a 29 anos,Hombre,Herido,0,1,0,2
1318,De 18 a 29 anos,Hombre,Herido,0,1,0,2
1319,De 18 a 29 anos,Hombre,Herido,0,1,0,2
1320,De 18 a 29 anos,Hombre,Herido,0,1,0,2
1321,De 18 a 29 anos,Hombre,Herido,0,1,0,2
1322,De 18 a 29 anos,Hombre,Herido,0,1,0,2
1323,De 18 a 29 anos,Hombre,Herido,0,1,0,2
1324,De 18 a 29 anos,Hombre,Herido,0,1,0,2
1325,De 18 a 29 anos,Hombre,Herido,0,1,0,2
1326,De 18 a 29 anos,Hombre,Herido,0,1,0,2
1327,De 18 a 29 anos,Hombre,Herido,0,1,0,2
1328,De 18 a 29 anos,Hombre,Herido,0,1,0,2
1329,De 18 a 29 anos,Hombre,Herido,0,1,0,2
1330,De 18 a 29 anos,Hombre,Herido,0,1,0,2
1331,De 18 a 29 anos,Hombre,Herido,0,1,0,2
1332,De 18 a 29 anos,Hombre,Herido,0,1,0,2
1333,De 18 a 29 anos,Hombre,Herido,0,1,0,2
1334,De 18 a 29 anos,Hombre,Herido,0,1,0,2
1335,De 18 a 29 anos,Hombre,Herido,0,1,0,2
1336,De 18 a 29 anos,Hombre,Herido,0,1,0,2
1337,De 18 a 29 anos,Hombre,Herido,0,1,0,2
1338,De 18 a 29 anos,Hombre,Herido,0,1,0,2
1339,De 18 a 29 anos,Hombre,Herido,0,1,0,2
1340,De 18 a 29 anos,Hombre,Herido,0,1,0,2
1341,De 18 a 29 anos,Hombre,Herido,0,1,0,2
1342,De 18 a 29 anos,Hombre,Herido,0,1,0,2
1343,De 18 a 29 anos,Hombre,Herido,0,1,0,2
1344,De 18 a 29 anos,Hombre,Herido,0,1,0,2
1345,De 18 a 29 anos,Hombre,Herido,0,1,0,2
1346,De 18 a 29 anos,Hombre,Herido,0,1,0,2
1347,De 18 a 29 anos,Hombre,Herido,0,1,0,2
1348,De 18 a 29 anos,Hombre,Herido,0,1,0,2
1349,De 18 a 29 anos,Hombre,Herido,0,1,0,2
1350,De 18 a 29 anos,Hombre,Herido,0,1,0,2
1351,De 18 a 29 anos,Hombre,Herido,0,1,0,2
1352,De 18 a 29 anos,Hombre,Herido,0,1,0,2
1353,De 18 a 29 anos,Hombre,Herido,0,1,0,2
1354,De 18 a 29 anos,Hombre,Herido,0,1,0,2
1355,De 18 a 29 anos,Hombre,Herido,0,1,0,2
1356,De 18 a 29 anos,Hombre,Herido,0,1,0,2
1357,De 18 a 29 anos,Hombre,Herido,0,1,0,2
1358,De 18 a 29 anos,Hombre,Herido,0,1,0,2
1359,De 18 a 29 anos,Hombre,Herido,0,1,0,2
1360,De 18 a 29 anos,Hombre,Herido,0,1,0,2
1361,De 18 a 29 anos,Hombre,Herido,0,1,0,2
1362,De 18 a 29 anos,Hombre,Herido,0,1,0,2
1363,De 18 a 29 anos,Hombre,Herido,0,1,0,2
1364,De 18 a 29 anos,Hombre,Herido,0,1,0,2
1365,De 18 a 29 anos,Hombre,Herido,0,1,0,2
1366,De 18 a 29 anos,Hombre,Herido,0,1,0,2
1367,De 18 a 29 anos,Hombre,Herido,0,1,0,2
1368,De 18 a 29 anos,Hombre,Herido,0,1,0,2
1369,De 18 a 29 anos,Hombre,Herido,0,1,0,2
1370,De 18 a 29 anos,Hombre,Herido,0,1,0,2
1371,De 18 a 29 anos,Hombre,Herido,0,1,0,2
1372,De 18 a 29 anos,Hombre,Herido,0,1,0,2
1373,De 18 a 29 anos,Hombre,Herido,0,1,0,2
1374,De 18 a 29 anos,Hombre,Herido,0,1,0,2
1375,De 18 a 29 anos,Hombre,Herido,0,1,0,2
1376,De 18 a 29 anos,Hombre,Herido,0,1,0,2
1377,De 18 a 29 anos,Hombre,Herido,0,1,0,2
1378,De 18 a 29 anos,Hombre,Herido,0,1,0,2
1379,De 18 a 29 anos,Hombre,Herido,0,1,0,2
1380,De 18 a 29 anos,Hombre,Herido,0,1,0,2
1381,De 18 a 29 anos,Hombre,Herido,0,1,0,2
1382,De 18 a 29 anos,Hombre,Herido,0,1,0,2
1383,De 18 a 29 anos,Hombre,Herido,0,1,0,2
1384,De 18 a 29 anos,Hombre,Herido,0,1,0,2
1385,De 18 a 29 anos,Hombre,Herido,0,1,0,2
1386,De 18 a 29 anos,Hombre,Herido,0,1,0,2
1387,De 18 a 29 anos,Hombre,Herido,0,1,0,2
1388,De 18 a 29 anos,Hombre,Herido,0,1,0,2
1389,De 18 a 29 anos,Hombre,Herido,0,1,0,2
1390,De 18 a 29 anos,Hombre,Herido,0,1,0,2
1391,De 18 a 29 anos,Hombre,Herido,0,1,0,2
1392,De 18 a 29 anos,Hombre,Herido,0,1,0,2
1393,De 18 a 29 anos,Hombre,Herido,0,1,0,2
1394,De 18 a 29 anos,Hombre,Herido,0,1,0,2
1395,De 18 a 29 anos,Hombre,Herido,0,1,0,2
1396,De 18 a 29 anos,Hombre,Herido,0,1,0,2
1397,De 18 a 29 anos,Hombre,Herido,0,1,0,2
1398,De 18 a 29 anos,Hombre,Herido,0,1,0,2
1399,De 18 a 29 anos,Hombre,Herido,0,1,0,2
1400,De 18 a 29 anos,Hombre,Herido,0,1,0,2
1401,De 18 a 29 anos,Hombre,Herido,0,1,0,2
1402,De 18 a 29 anos,Hombre,Herido,0,1,0,2
1403,De 18 a 29 anos,Hombre,Herido,0,1,0,2
1404,De 18 a 29 anos,Hombre,Herido,0,1,0,2
1405,De 18 a 29 anos,Hombre,Herido,0,1,0,2
1406,De 18 a 29 anos,Hombre,Herido,0,1,0,2
1407,De 18 a 29 anos,Hombre,Herido,0,1,0,2
1408,De 18 a 29 anos,Hombre,Herido,0,1,0,2
1409,De 18 a 29 anos,Hombre,Herido,0,1,0,2
1410,De 18 a 29 anos,Hombre,Herido,0,1,0,2
1411,De 18 a 29 anos,Hombre,Herido,0,1,0,2
1412,De 18 a 29 anos,Hombre,Herido,0,1,0,2
1413,De 18 a 29 anos,Hombre,Herido,0,1,0,2
1414,De 18 a 29 anos,Hombre,Herido,0,1,0,2
1415,De 18 a 29 anos,Hombre,Herido,0,1,0,2
1416,De 18 a 29 anos,Hombre,Herido,0,1,0,2
1417,De 18 a 29 anos,Hombre,Herido,0,1,0,2
1418,De 18 a 29 anos,Hombre,Herido,0,1,0,2
1419,De 18 a 29 anos,Hombre,Herido,0,1,0,2
1420,De 18 a 29 anos,Hombre,Herido,0,1,0,2
1421,De 18 a 29 anos,Hombre,Herido,0,1,0,2
1422,De 18 a 29 anos,Hombre,Herido,0,1,0,2
1423,De 18 a 29 anos,Hombre,Herido,0,1,0,2
1424,De 18 a 29 anos,Hombre,Herido,0,1,0,2
1425,De 18 a 29 anos,Hombre,Herido,0,1,0,2
1426,De 18 a 29 anos,Hombre,Herido,0,1,0,2
1427,De 18 a 29 anos,Hombre,Herido,0,1,0,2
1428,De 18 a 29 anos,Hombre,Herido,0,1,0,2
1429,De 18 a 29 anos,Hombre,Herido,0,1,0,2
1430,De 18 a 29 anos,Hombre,Herido,0,1,0,2
1431,De 18 a 29 anos,Hombre,Herido,0,1,0,2
1432,De 18 a 29 anos,Hombre,Herido,0,1,0,2
1433,De 18 a 29 anos,Hombre,Herido,0,1,0,2
1434,De 18 a 29 anos,Hombre,Herido,0,1,0,2
1435,De 18 a 29 anos,Hombre,Herido,0,1,0,2
1436,De 18 a 29 anos,Hombre,Herido,0,1,0,2
1437,De 18 a 29 anos,Hombre,Herido,0,1,0,2
1438,De 18 a 29 anos,Hombre,Herido,0,1,0,2
1439,De 18 a 29 anos,Hombre,Herido,0,1,0,2
1440,De 18 a 29 anos,Hombre,Herido,0,1,0,2
1441,De 18 a 29 anos,Hombre,Herido,0,1,0,2
1442,De 18 a 29 anos,Hombre,Herido,0,1,0,2
1443,De 18 a 29 anos,Hombre,Herido,0,1,0,2
1444,De 18 a 29 anos,Hombre,Herido,0,1,0,2
1445,De 18 a 29 anos,Hombre,Herido,0,1,0,2
1446,De 18 a 29 anos,Hombre,Herido,0,1,0,2
1447,De 18 a 29 anos,Hombre,Herido,0,1,0,2
1448,De 18 a 29 anos,Hombre,Herido,0,1,0,2
1449,De 18 a 29 anos,Hombre,Herido,0,1,0,2
1450,De 18 a 29 anos,Hombre,Herido,0,1,0,2
1451,De 18 a 29 anos,Hombre,Herido,0,1,0,2
1452,De 18 a 29 anos,Hombre,Herido,0,1,0,2
1453,De 18 a 29 anos,Hombre,Herido,0,1,0,2
1454,De 18 a 29 anos,Hombre,Herido,0,1,0,2
1455,De 18 a 29 anos,Hombre,Herido,0,1,0,2
1456,De 18 a 29 anos,Hombre,Herido,0,1,0,2
1457,De 18 a 29 anos,Hombre,Herido,0,1,0,2
1458,De 18 a 29 anos,Hombre,Herido,0,1,0,2
1459,De 18 a 29 anos,Hombre,Herido,0,1,0,2
1460,De 18 a 29 anos,Hombre,Herido,0,1,0,2
1461,De 18 a 29 anos,Hombre,Herido,0,1,0,2
1462,De 18 a 29 anos,Hombre,Herido,0,1,0,2
1463,De 18 a 29 anos,Hombre,Herido,0,1,0,2
1464,De 18 a 29 anos,Hombre,Herido,0,1,0,2
1465,De 18 a 29 anos,Hombre,Herido,0,1,0,2
1466,De 18 a 29 anos,Hombre,Herido,0,1,0,2
1467,De 18 a 29 anos,Hombre,Herido,0,1,0,2
1468,De 18 a 29 anos,Hombre,Herido,0,1,0,2
1469,De 18 a 29 anos,Hombre,Herido,0,1,0,2
1470,De 18 a 29 anos,Hombre,Herido,0,1,0,2
1471,De 18 a 29 anos,Hombre,Herido,0,1,0,2
1472,De 18 a 29 anos,Hombre,Herido,0,1,0,2
1473,De 18 a 29 anos,Hombre,Herido,0,1,0,2
1474,De 18 a 29 anos,Hombre,Herido,0,1,0,2
1475,De 18 a 29 anos,Hombre,Herido,0,1,0,2
1476,De 18 a 29 anos,Hombre,Herido,0,1,0,2
1477,De 18 a 29 anos,Hombre,Herido,0,1,0,2
1478,De 18 a 29 anos,Hombre,Herido,0,1,0,2
1479,De 18 a 29 anos,Hombre,Herido,0,1,0,2
1480,De 18 a 29 anos,Hombre,Herido,0,1,0,2
1481,De 18 a 29 anos,Hombre,Herido,0,1,0,2
1482,De 18 a 29 anos,Hombre,Herido,0,1,0,2
1483,De 18 a 29 anos,Hombre,Herido,0,1,0,2
1484,De 18 a 29 anos,Hombre,Herido,0,1,0,2
1485,De 18 a 29 anos,Hombre,Herido,0,1,0,2
1486,De 18 a 29 anos,Hombre,Herido,0,1,0,2
1487,De 18 a 29 anos,Hombre,Herido,0,1,0,2
1488,De 18 a 29 anos,Hombre,Herido,0,1,0,2
1489,De 18 a 29 anos,Hombre,Herido,0,1,0,2
1490,De 18 a 29 anos,Hombre,Herido,0,1,0,2
1491,De 18 a 29 anos,Hombre,Herido,0,1,0,2
1492,De 18 a 29 anos,Hombre,Herido,0,1,0,2
1493,De 18 a 29 anos,Hombre,Herido,0,1,0,2
1494,De 18 a 29 anos,Hombre,Herido,0,1,0,2
1495,De 18 a 29 anos,Hombre,Herido,0,1,0,2
1496,De 18 a 29 anos,Hombre,Herido,0,1,0,2
1497,De 18 a 29 anos,Hombre,Herido,0,1,0,2
1498,De 18 a 29 anos,Hombre,Herido,0,1,0,2
1499,De 18 a 29 anos,Hombre,Herido,0,1,0,2
1500,De 18 a 29 anos,Hombre,Herido,0,1,0,2
1501,De 18 a 29 anos,Hombre,Herido,0,1,0,2
1502,De 18 a 29 anos,Hombre,Herido,0,1,0,2
1503,De 18 a 29 anos,Hombre,Herido,0,1,0,2
1504,De 18 a 29 anos,Hombre,Herido,0,1,0,2
1505,De 18 a 29 anos,Hombre,Herido,0,1,0,2
1506,De 18 a 29 anos,Hombre,Herido,0,1,0,2
1507,De 18 a 29 anos,Hombre,Herido,0,1,0,2
1508,De 18 a 29 anos,Hombre,Herido,0,1,0,2
1509,De 18 a 29 anos,Hombre,Herido,0,1,0,2
1510,De 18 a 29 anos,Hombre,Herido,0,1,0,2
1511,De 18 a 29 anos,Hombre,Herido,0,1,0,2
1512,De 18 a 29 anos,Hombre,Herido,0,1,0,2
1513,De 18 a 29 anos,Hombre,Herido,0,1,0,2
1514,De 18 a 29 anos,Hombre,Herido,0,1,0,2
1515,De 18 a 29 anos,Hombre,Herido,0,1,0,2
1516,De 18 a 29 anos,Hombre,Herido,0,1,0,2
1517,De 18 a 29 anos,Hombre,Herido,0,1,0,2
1518,De 18 a 29 anos,Hombre,Herido,0,1,0,2
1519,De 18 a 29 anos,Hombre,Herido,0,1,0,2
1520,De 18 a 29 anos,Hombre,Herido,0,1,0,2
1521,De 18 a 29 anos,Hombre,Herido,0,1,0,2
1522,De 18 a 29 anos,Hombre,Herido,0,1,0,2
1523,De 18 a 29 anos,Hombre,Herido,0,1,0,2
1524,De 18 a 29 anos,Hombre,Herido,0,1,0,2
1525,De 18 a 29 anos,Hombre,Herido,0,1,0,2
1526,De 18 a 29 anos,Hombre,Herido,0,1,0,2
1527,De 18 a 29 anos,Hombre,Herido,0,1,0,2
1528,De 18 a 29 anos,Hombre,Herido,0,1,0,2
1529,De 18 a 29 anos,Hombre,Herido,0,1,0,2
1530,De 18 a 29 anos,Hombre,Herido,0,1,0,2
1531,De 18 a 29 anos,Hombre,Herido,0,1,0,2
1532,De 18 a 29 anos,Hombre,Herido,0,1,0,2
1533,De 18 a 29 anos,Hombre,Herido,0,1,0,2
1534,De 18 a 29 anos,Hombre,Herido,0,1,0,2
1535,De 18 a 29 anos,Hombre,Herido,0,1,0,2
1536,De 18 a 29 anos,Hombre,Herido,0,1,0,2
1537,De 18 a 29 anos,Hombre,Herido,0,1,0,2
1538,De 18 a 29 anos,Hombre,Herido,0,1,0,2
1539,De 18 a 29 anos,Hombre,Herido,0,1,0,2
1540,De 18 a 29 anos,Hombre,Herido,0,1,0,2
1541,De 18 a 29 anos,Hombre,Herido,0,1,0,2
1542,De 18 a 29 anos,Hombre,Herido,0,1,0,2
1543,De 18 a 29 anos,Hombre,Herido,0,1,0,2
1544,De 18 a 29 anos,Hombre,Herido,0,1,0,2
1545,De 18 a 29 anos,Hombre,Herido,0,1,0,2
1546,De 18 a 29 anos,Hombre,Herido,0,1,0,2
1547,De 18 a 29 anos,Hombre,Herido,0,1,0,2
1548,De 18 a 29 anos,Hombre,Herido,0,1,0,2
1549,De 18 a 29 anos,Hombre,Herido,0,1,0,2
1550,De 18 a 29 anos,Hombre,Herido,0,1,0,2
1551,De 18 a 29 anos,Hombre,Herido,0,1,0,2
1552,De 18 a 29 anos,Hombre,Herido,0,1,0,2
1553,De 18 a 29 anos,Hombre,Herido,0,1,0,2
1554,De 18 a 29 anos,Hombre,Herido,0,1,0,2
1555,De 18 a 29 anos,Hombre,Herido,0,1,0,2
1556,De 18 a 29 anos,Hombre,Herido,0,1,0,2
1557,De 18 a 29 anos,Hombre,Herido,0,1,0,2
1558,De 18 a 29 anos,Hombre,Herido,0,1,0,2
1559,De 18 a 29 anos,Hombre,Herido,0,1,0,2
1560,De 18 a 29 anos,Hombre,Herido,0,1,0,2
1561,De 18 a 29 anos,Hombre,Herido,0,1,0,2
1562,De 18 a 29 anos,Hombre,Herido,0,1,0,2
1563,De 18 a 29 anos,Hombre,Herido,0,1,0,2
1564,De 18 a 29 anos,Hombre,Herido,0,1,0,2
1565,De 18 a 29 anos,Hombre,Herido,0,1,0,2
1566,De 18 a 29 anos,Hombre,Herido,0,1,0,2
1567,De 18 a 29 anos,Hombre,Herido,0,1,0,2
1568,De 18 a 29 anos,Hombre,Herido,0,1,0,2
1569,De 18 a 29 anos,Hombre,Herido,0,1,0,2
1570,De 18 a 29 anos,Hombre,Herido,0,1,0,2
1571,De 18 a 29 anos,Hombre,Herido,0,1,0,2
1572,De 18 a 29 anos,Hombre,Herido,0,1,0,2
1573,De 18 a 29 anos,Hombre,Herido,0,1,0,2
1574,De 18 a 29 anos,Hombre,Herido,0,1,0,2
1575,De 18 a 29 anos,Hombre,Herido,0,1,0,2
1576,De 18 a 29 anos,Hombre,Herido,0,1,0,2
1577,De 18 a 29 anos,Hombre,Herido,0,1,0,2
1578,De 18 a 29 anos,Hombre,Herido,0,1,0,2
1579,De 18 a 29 anos,Hombre,Herido,0,1,0,2
1580,De 18 a 29 anos,Hombre,Herido,0,1,0,2
1581,De 18 a 29 anos,Hombre,Herido,0,1,0,2
1582,De 18 a 29 anos,Hombre,Herido,0,1,0,2
1583,De 18 a 29 anos,Hombre,Herido,0,1,0,2
1584,De 18 a 29 anos,Hombre,Herido,0,1,0,2
1585,De 18 a 29 anos,Hombre,Herido,0,1,0,2
1586,De 18 a 29 anos,Hombre,Herido,0,1,0,2
1587,De 18 a 29 anos,Hombre,Herido,0,1,0,2
1588,De 18 a 29 anos,Hombre,Herido,0,1,0,2
1589,De 18 a 29 anos,Hombre,Herido,0,1,0,2
1590,De 18 a 29 anos,Hombre,Herido,0,1,0,2
1591,De 18 a 29 anos,Hombre,Herido,0,1,0,2
1592,De 18 a 29 anos,Hombre,Herido,0,1,0,2
1593,De 18 a 29 anos,Hombre,Herido,0,1,0,2
1594,De 18 a 29 anos,Hombre,Herido,0,1,0,2
1595,De 18 a 29 anos,Hombre,Herido,0,1,0,2
1596,De 18 a 29 anos,Hombre,Herido,0,1,0,2
1597,De 18 a 29 anos,Hombre,Herido,0,1,0,2
1598,De 18 a 29 anos,Hombre,Herido,0,1,0,2
1599,De 18 a 29 anos,Hombre,Herido,0,1,0,2
1600,De 18 a 29 anos,Hombre,Herido,0,1,0,2
1601,De 18 a 29 anos,Hombre,Herido,0,1,0,2
1602,De 18 a 29 anos,Hombre,Herido,0,1,0,2
1603,De 18 a 29 anos,Hombre,Herido,0,1,0,2
1604,De 18 a 29 anos,Hombre,Herido,0,1,0,2
1605,De 18 a 29 anos,Hombre,Herido,0,1,0,2
1606,De 18 a 29 anos,Hombre,Herido,0,1,0,2
1607,De 18 a 29 anos,Hombre,Herido,0,1,0,2
1608,De 18 a 29 anos,Hombre,Herido,0,1,0,2
1609,De 18 a 29 anos,Hombre,Herido,0,1,0,2
1610,De 18 a 29 anos,Hombre,Herido,0,1,0,2
1611,De 18 a 29 anos,Hombre,Herido,0,1,0,2
1612,De 18 a 29 anos,Hombre,Herido,0,1,0,2
1613,De 18 a 29 anos,Hombre,Herido,0,1,0,2
1614,De 18 a 29 anos,Hombre,Herido,0,1,0,2
1615,De 18 a 29 anos,Hombre,Herido,0,1,0,2
1616,De 18 a 29 anos,Hombre,Herido,0,1,0,2
1617,De 18 a 29 anos,Hombre,Herido,0,1,0,2
1618,De 18 a 29 anos,Hombre,Herido,0,1,0,2
1619,De 18 a 29 anos,Hombre,Herido,0,1,0,2
1620,De 18 a 29 anos,Hombre,Herido,0,1,0,2
1621,De 18 a 29 anos,Hombre,Herido,0,1,0,2
1622,De 18 a 29 anos,Hombre,Herido,0,1,0,2
1623,De 18 a 29 anos,Hombre,Herido,0,1,0,2
1624,De 18 a 29 anos,Hombre,Herido,0,1,0,2
1625,De 18 a 29 anos,Hombre,Herido,0,1,0,2
1626,De 18 a 29 anos,Hombre,Herido,0,1,0,2
1627,De 18 a 29 anos,Hombre,Herido,0,1,0,2
1628,De 18 a 29 anos,Hombre,Herido,0,1,0,2
1629,De 18 a 29 anos,Hombre,Herido,0,1,0,2
1630,De 18 a 29 anos,Hombre,Herido,0,1,0,2
1631,De 18 a 29 anos,Hombre,Herido,0,1,0,2
1632,De 18 a 29 anos,Hombre,Herido,0,1,0,2
1633,De 18 a 29 anos,Hombre,Herido,0,1,0,2
1634,De 18 a 29 anos,Hombre,Herido,0,1,0,2
1635,De 18 a 29 anos,Hombre,Herido,0,1,0,2
1636,De 18 a 29 anos,Hombre,Herido,0,1,0,2
1637,De 18 a 29 anos,Hombre,Herido,0,1,0,2
1638,De 18 a 29 anos,Hombre,Herido,0,1,0,2
1639,De 18 a 29 anos,Hombre,Herido,0,1,0,2
1640,De 18 a 29 anos,Hombre,Herido,0,1,0,2
1641,De 18 a 29 anos,Hombre,Herido,0,1,0,2
1642,De 18 a 29 anos,Hombre,Herido,0,1,0,2
1643,De 18 a 29 anos,Hombre,Herido,0,1,0,2
1644,De 18 a 29 anos,Hombre,Herido,0,1,0,2
1645,De 18 a 29 anos,Hombre,Herido,0,1,0,2
1646,De 18 a 29 anos,Hombre,Herido,0,1,0,2
1647,De 18 a 29 anos,Hombre,Herido,0,1,0,2
1648,De 18 a 29 anos,Hombre,Herido,0,1,0,2
1649,De 18 a 29 anos,Hombre,Herido,0,1,0,2
1650,De 18 a 29 anos,Hombre,Herido,0,1,0,2
1651,De 18 a 29 anos,Hombre,Herido,0,1,0,2
1652,De 18 a 29 anos,Hombre,Herido,0,1,0,2
1653,De 18 a 29 anos,Hombre,Herido,0,1,0,2
1654,De 18 a 29 anos,Hombre,Herido,0,1,0,2
1655,De 18 a 29 anos,Hombre,Herido,0,1,0,2
1656,De 18 a 29 anos,Hombre,Herido,0,1,0,2
1657,De 18 a 29 anos,Hombre,Herido,0,1,0,2
1658,De 18 a 29 anos,Hombre,Herido,0,1,0,2
1659,De 18 a 29 anos,Hombre,Herido,0,1,0,2
1660,De 18 a 29 anos,Hombre,Herido,0,1,0,2
1661,De 18 a 29 anos,Hombre,Herido,0,1,0,2
1662,De 18 a 29 anos,Hombre,Herido,0,1,0,2
1663,De 18 a 29 anos,Hombre,Herido,0,1,0,2
1664,De 18 a 29 anos,Hombre,Herido,0,1,0,2
1665,De 18 a 29 anos,Hombre,Herido,0,1,0,2
1666,De 18 a 29 anos,Hombre,Herido,0,1,0,2
1667,De 18 a 29 anos,Hombre,Herido,0,1,0,2
1668,De 18 a 29 anos,Hombre,Herido,0,1,0,2
1669,De 18 a 29 anos,Hombre,Herido,0,1,0,2
1670,De 18 a 29 anos,Hombre,Herido,0,1,0,2
1671,De 18 a 29 anos,Hombre,Herido,0,1,0,2
1672,De 18 a 29 anos,Hombre,Herido,0,1,0,2
1673,De 18 a 29 anos,Hombre,Herido,0,1,0,2
1674,De 18 a 29 anos,Hombre,Herido,0,1,0,2
1675,De 18 a 29 anos,Hombre,Herido,0,1,0,2
1676,De 18 a 29 anos,Hombre,Herido,0,1,0,2
1677,De 18 a 29 anos,Hombre,Herido,0,1,0,2
1678,De 18 a 29 anos,Hombre,Herido,0,1,0,2
1679,De 18 a 29 anos,Hombre,Herido,0,1,0,2
1680,De 18 a 29 anos,Hombre,Herido,0,1,0,2
1681,De 18 a 29 anos,Hombre,Herido,0,1,0,2
1682,De 18 a 29 anos,Hombre,Herido,0,1,0,2
1683,De 18 a 29 anos,Hombre,Herido,0,1,0,2
1684,De 18 a 29 anos,Hombre,Herido,0,1,0,2
1685,De 18 a 29 anos,Hombre,Herido,0,1,0,2
1686,De 18 a 29 anos,Hombre,Herido,0,1,0,2
1687,De 18 a 29 anos,Hombre,Herido,0,1,0,2
1688,De 18 a 29 anos,Hombre,Herido,0,1,0,2
1689,De 18 a 29 anos,Hombre,Herido,0,1,0,2
1690,De 18 a 29 anos,Hombre,Herido,0,1,0,2
1691,De 18 a 29 anos,Hombre,Herido,0,1,0,2
1692,De 18 a 29 anos,Hombre,Herido,0,1,0,2
1693,De 18 a 29 anos,Hombre,Herido,0,1,0,2
1694,De 18 a 29 anos,Hombre,Herido,0,1,0,2
1695,De 18 a 29 anos,Hombre,Herido,0,1,0,2
1696,De 18 a 29 anos,Hombre,Herido,0,1,0,2
1697,De 18 a 29 anos,Hombre,Herido,0,1,0,2
1698,De 18 a 29 anos,Hombre,Herido,0,1,0,2
1699,De 18 a 29 anos,Hombre,Herido,0,1,0,2
1700,De 18 a 29 anos,Hombre,Herido,0,1,0,2
1701,De 18 a 29 anos,Hombre,Herido,0,1,0,2
1702,De 18 a 29 anos,Hombre,Herido,0,1,0,2
1703,De 18 a 29 anos,Hombre,Herido,0,1,0,2
1704,De 18 a 29 anos,Hombre,Herido,0,1,0,2
1705,De 18 a 29 anos,Hombre,Herido,0,1,0,2
1706,De 18 a 29 anos,Hombre,Herido,0,1,0,2
1707,De 18 a 29 anos,Hombre,Herido,0,1,0,2
1708,De 18 a 29 anos,Hombre,Herido,0,1,0,2
1709,De 18 a 29 anos,Hombre,Herido,0,1,0,2
1710,De 18 a 29 anos,Hombre,Herido,0,1,0,2
1711,De 18 a 29 anos,Hombre,Herido,0,1,0,2
1712,De 18 a 29 anos,Hombre,Herido,0,1,0,2
1713,De 18 a 29 anos,Hombre,Herido,0,1,0,2
1714,De 18 a 29 anos,Hombre,Herido,0,1,0,2
1715,De 18 a 29 anos,Hombre,Herido,0,1,0,2
1716,De 18 a 29 anos,Hombre,Herido,0,1,0,2
1717,De 18 a 29 anos,Hombre,Herido,0,1,0,2
1718,De 18 a 29 anos,Hombre,Herido,0,1,0,2
1719,De 18 a 29 anos,Hombre,Herido,0,1,0,2
1720,De 18 a 29 anos,Hombre,Herido,0,1,0,2
1721,De 18 a 29 anos,Hombre,Herido,0,1,0,2
1722,De 18 a 29 anos,Hombre,Herido,0,1,0,2
1723,De 18 a 29 anos,Hombre,Herido,0,1,0,2
1724,De 18 a 29 anos,Hombre,Herido,0,1,0,2
1725,De 18 a 29 anos,Hombre,Herido,0,1,0,2
1726,De 18 a 29 anos,Hombre,Herido,0,1,0,2
1727,De 18 a 29 anos,Hombre,Herido,0,1,0,2
1728,De 18 a 29 anos,Hombre,Herido,0,1,0,2
1729,De 18 a 29 anos,Hombre,Herido,0,1,0,2
1730,De 18 a 29 anos,Hombre,Herido,0,1,0,2
1731,De 18 a 29 anos,Hombre,Herido,0,1,0,2
1732,De 18 a 29 anos,Hombre,Herido,0,1,0,2
1733,De 18 a 29 anos,Hombre,Herido,0,1,0,2
1734,De 18 a 29 anos,Hombre,Herido,0,1,0,2
1735,De 18 a 29 anos,Hombre,Herido,0,1,0,2
1736,De 18 a 29 anos,Hombre,Herido,0,1,0,2
1737,De 18 a 29 anos,Hombre,Herido,0,1,0,2
1738,De 18 a 29 anos,Hombre,Herido,0,1,0,2
1739,De 18 a 29 anos,Hombre,Herido,0,1,0,2
1740,De 18 a 29 anos,Hombre,Herido,0,1,0,2
1741,De 18 a 29 anos,Hombre,Herido,0,1,0,2
1742,De 18 a 29 anos,Hombre,Herido,0,1,0,2
1743,De 18 a 29 anos,Hombre,Herido,0,1,0,2
1744,De 18 a 29 anos,Hombre,Herido,0,1,0,2
1745,De 18 a 29 anos,Hombre,Herido,0,1,0,2
1746,De 18 a 29 anos,Hombre,Herido,0,1,0,2
1747,De 18 a 29 anos,Hombre,Herido,0,1,0,2
1748,De 18 a 29 anos,Hombre,Herido,0,1,0,2
1749,De 18 a 29 anos,Hombre,Herido,0,1,0,2
1750,De 18 a 29 anos,Hombre,Herido,0,1,0,2
1751,De 18 a 29 anos,Hombre,Herido,0,1,0,2
1752,De 18 a 29 anos,Hombre,Herido,0,1,0,2
1753,De 18 a 29 anos,Hombre,Herido,0,1,0,2
1754,De 18 a 29 anos,Hombre,Herido,0,1,0,2
1755,De 18 a 29 anos,Hombre,Herido,0,1,0,2
1756,De 18 a 29 anos,Hombre,Herido,0,1,0,2
1757,De 18 a 29 anos,Hombre,Herido,0,1,0,2
1758,De 18 a 29 anos,Hombre,Herido,0,1,0,2
1759,De 18 a 29 anos,Hombre,Herido,0,1,0,2
1760,De 18 a 29 anos,Hombre,Herido,0,1,0,2
1761,De 18 a 29 anos,Hombre,Herido,0,1,0,2
1762,De 18 a 29 anos,Hombre,Herido,0,1,0,2
1763,De 18 a 29 anos,Hombre,Herido,0,1,0,2
1764,De 18 a 29 anos,Hombre,Herido,0,1,0,2
1765,De 18 a 29 anos,Hombre,Herido,0,1,0,2
1766,De 18 a 29 anos,Hombre,Herido,0,1,0,2
1767,De 18 a 29 anos,Hombre,Herido,0,1,0,2
1768,De 18 a 29 anos,Hombre,Herido,0,1,0,2
1769,De 18 a 29 anos,Hombre,Herido,0,1,0,2
1770,De 18 a 29 anos,Hombre,Herido,0,1,0,2
1771,De 18 a 29 anos,Hombre,Herido,0,1,0,2
1772,De 18 a 29 anos,Hombre,Herido,0,1,0,2
1773,De 18 a 29 anos,Hombre,Herido,0,1,0,2
1774,De 18 a 29 anos,Hombre,Herido,0,1,0,2
1775,De 18 a 29 anos,Hombre,Herido,0,1,0,2
1776,De 18 a 29 anos,Hombre,Herido,0,1,0,2
1777,De 18 a 29 anos,Hombre,Herido,0,1,0,2
1778,De 18 a 29 anos,Hombre,Herido,0,1,0,2
1779,De 18 a 29 anos,Hombre,Herido,0,1,0,2
1780,De 18 a 29 anos,Hombre,Herido,0,1,0,2
1781,De 18 a 29 anos,Hombre,Herido,0,1,0,2
1782,De 18 a 29 anos,Hombre,Herido,0,1,0,2
1783,De 18 a 29 anos,Hombre,Herido,0,1,0,2
1784,De 18 a 29 anos,Hombre,Herido,0,1,0,2
1785,De 18 a 29 anos,Hombre,Herido,0,1,0,2
1786,De 18 a 29 anos,Hombre,Herido,0,1,0,2
1787,De 18 a 29 anos,Hombre,Herido,0,1,0,2
1788,De 18 a 29 anos,Hombre,Herido,0,1,0,2
1789,De 18 a 29 anos,Hombre,Herido,0,1,0,2
1790,De 18 a 29 anos,Hombre,Herido,0,1,0,2
1791,De 18 a 29 anos,Hombre,Herido,0,1,0,2
1792,De 18 a 29 anos,Hombre,Herido,0,1,0,2
1793,De 18 a 29 anos,Hombre,Herido,0,1,0,2
1794,De 18 a 29 anos,Hombre,Herido,0,1,0,2
1795,De 18 a 29 anos,Hombre,Herido,0,1,0,2
1796,De 18 a 29 anos,Hombre,Herido,0,1,0,2
1797,De 18 a 29 anos,Hombre,Herido,0,1,0,2
1798,De 18 a 29 anos,Hombre,Herido,0,1,0,2
1799,De 18 a 29 anos,Hombre,Herido,0,1,0,2
1800,De 18 a 29 anos,Hombre,Herido,0,1,0,2
1801,De 18 a 29 anos,Hombre,Herido,0,1,0,2
1802,De 18 a 29 anos,Hombre,Herido,0,1,0,2
1803,De 18 a 29 anos,Hombre,Herido,0,1,0,2
1804,De 18 a 29 anos,Hombre,Herido,0,1,0,2
1805,De 18 a 29 anos,Hombre,Herido,0,1,0,2
1806,De 18 a 29 anos,Hombre,Herido,0,1,0,2
1807,De 18 a 29 anos,Hombre,Herido,0,1,0,2
1808,De 18 a 29 anos,Hombre,Herido,0,1,0,2
1809,De 18 a 29 anos,Hombre,Herido,0,1,0,2
1810,De 18 a 29 anos,Hombre,Herido,0,1,0,2
1811,De 18 a 29 anos,Hombre,Herido,0,1,0,2
1812,De 18 a 29 anos,Hombre,Herido,0,1,0,2
1813,De 18 a 29 anos,Hombre,Herido,0,1,0,2
1814,De 18 a 29 anos,Hombre,Herido,0,1,0,2
1815,De 18 a 29 anos,Hombre,Herido,0,1,0,2
1816,De 18 a 29 anos,Hombre,Herido,0,1,0,2
1817,De 18 a 29 anos,Hombre,Herido,0,1,0,2
1818,De 18 a 29 anos,Hombre,Herido,0,1,0,2
1819,De 18 a 29 anos,Hombre,Herido,0,1,0,2
1820,De 18 a 29 anos,Hombre,Herido,0,1,0,2
1821,De 18 a 29 anos,Hombre,Herido,0,1,0,2
1822,De 18 a 29 anos,Hombre,Herido,0,1,0,2
1823,De 18 a 29 anos,Hombre,Herido,0,1,0,2
1824,De 18 a 29 anos,Hombre,Herido,0,1,0,2
1825,De 18 a 29 anos,Hombre,Herido,0,1,0,2
1826,De 18 a 29 anos,Hombre,Herido,0,1,0,2
1827,De 18 a 29 anos,Hombre,Herido,0,1,0,2
1828,De 18 a 29 anos,Hombre,Herido,0,1,0,2
1829,De 18 a 29 anos,Hombre,Herido,0,1,0,2
1830,De 18 a 29 anos,Hombre,Herido,0,1,0,2
1831,De 18 a 29 anos,Hombre,Herido,0,1,0,2
1832,De 18 a 29 anos,Hombre,Herido,0,1,0,2
1833,De 18 a 29 anos,Hombre,Herido,0,1,0,2
1834,De 18 a 29 anos,Hombre,Herido,0,1,0,2
1835,De 18 a 29 anos,Hombre,Herido,0,1,0,2
1836,De 18 a 29 anos,Hombre,Herido,0,1,0,2
1837,De 18 a 29 anos,Hombre,Herido,0,1,0,2
1838,De 18 a 29 anos,Hombre,Herido,0,1,0,2
1839,De 18 a 29 anos,Hombre,Herido,0,1,0,2
1840,De 18 a 29 anos,Hombre,Herido,0,1,0,2
1841,De 18 a 29 anos,Hombre,Herido,0,1,0,2
1842,De 18 a 29 anos,Hombre,Herido,0,1,0,2
1843,De 18 a 29 anos,Hombre,Herido,0,1,0,2
1844,De 18 a 29 anos,Hombre,Herido,0,1,0,2
1845,De 18 a 29 anos,Hombre,Herido,0,1,0,2
1846,De 18 a 29 anos,Hombre,Herido,0,1,0,2
1847,De 18 a 29 anos,Hombre,Herido,0,1,0,2
1848,De 18 a 29 anos,Hombre,Herido,0,1,0,2
1849,De 18 a 29 anos,Hombre,Herido,0,1,0,2
1850,De 18 a 29 anos,Hombre,Herido,0,1,0,2
1851,De 18 a 29 anos,Hombre,Herido,0,1,0,2
1852,De 18 a 29 anos,Hombre,Herido,0,1,0,2
1853,De 18 a 29 anos,Hombre,Herido,0,1,0,2
1854,De 18 a 29 anos,Hombre,Herido,0,1,0,2
1855,De 18 a 29 anos,Hombre,Herido,0,1,0,2
1856,De 18 a 29 anos,Hombre,Herido,0,1,0,2
1857,De 18 a 29 anos,Hombre,Herido,0,1,0,2
1858,De 18 a 29 anos,Hombre,Herido,0,1,0,2
1859,De 18 a 29 anos,Hombre,Herido,0,1,0,2
1860,De 18 a 29 anos,Hombre,Herido,0,1,0,2
1861,De 18 a 29 anos,Hombre,Herido,0,1,0,2
1862,De 18 a 29 anos,Hombre,Herido,0,1,0,2
1863,De 18 a 29 anos,Hombre,Herido,0,1,0,2
1864,De 18 a 29 anos,Hombre,Herido,0,1,0,2
1865,De 18 a 29 anos,Hombre,Herido,0,1,0,2
1866,De 18 a 29 anos,Hombre,Herido,0,1,0,2
1867,De 18 a 29 anos,Hombre,Herido,0,1,0,2
1868,De 18 a 29 anos,Hombre,Herido,0,1,0,2
1869,De 18 a 29 anos,Hombre,Herido,0,1,0,2
1870,De 18 a 29 anos,Hombre,Herido,0,1,0,2
1871,De 18 a 29 anos,Hombre,Herido,0,1,0,2
1872,De 18 a 29 anos,Hombre,Herido,0,1,0,2
1873,De 18 a 29 anos,Hombre,Herido,0,1,0,2
1874,De 18 a 29 anos,Hombre,Herido,0,1,0,2
1875,De 18 a 29 anos,Hombre,Herido,0,1,0,2
1876,De 18 a 29 anos,Hombre,Herido,0,1,0,2
1877,De 18 a 29 anos,Hombre,Herido,0,1,0,2
1878,De 18 a 29 anos,Hombre,Herido,0,1,0,2
1879,De 18 a 29 anos,Hombre,Herido,0,1,0,2
1880,De 18 a 29 anos,Hombre,Herido,0,1,0,2
1881,De 18 a 29 anos,Hombre,Herido,0,1,0,2
1882,De 18 a 29 anos,Hombre,Herido,0,1,0,2
1883,De 18 a 29 anos,Hombre,Herido,0,1,0,2
1884,De 18 a 29 anos,Hombre,Herido,0,1,0,2
1885,De 18 a 29 anos,Hombre,Herido,0,1,0,2
1886,De 18 a 29 anos,Hombre,Herido,0,1,0,2
1887,De 18 a 29 anos,Hombre,Herido,0,1,0,2
1888,De 18 a 29 anos,Hombre,Herido,0,1,0,2
1889,De 18 a 29 anos,Hombre,Herido,0,1,0,2
1890,De 18 a 29 anos,Hombre,Herido,0,1,0,2
1891,De 18 a 29 anos,Hombre,Herido,0,1,0,2
1892,De 18 a 29 anos,Hombre,Herido,0,1,0,2
1893,De 18 a 29 anos,Hombre,Herido,0,1,0,2
1894,De 18 a 29 anos,Hombre,Herido,0,1,0,2
1895,De 18 a 29 anos,Hombre,Herido,0,1,0,2
1896,De 18 a 29 anos,Hombre,Herido,0,1,0,2
1897,De 18 a 29 anos,Hombre,Herido,0,1,0,2
1898,De 18 a 29 anos,Hombre,Herido,0,1,0,2
1899,De 18 a 29 anos,Hombre,Herido,0,1,0,2
1900,De 18 a 29 anos,Hombre,Herido,0,1,0,2
1901,De 18 a 29 anos,Hombre,Herido,0,1,0,2
1902,De 18 a 29 anos,Hombre,Herido,0,1,0,2
1903,De 18 a 29 anos,Hombre,Herido,0,1,0,2
1904,De 18 a 29 anos,Hombre,Herido,0,1,0,2
1905,De 18 a 29 anos,Hombre,Herido,0,1,0,2
1906,De 18 a 29 anos,Hombre,Herido,0,1,0,2
1907,De 18 a 29 anos,Hombre,Herido,0,1,0,2
1908,De 18 a 29 anos,Hombre,Herido,0,1,0,2
1909,De 18 a 29 anos,Hombre,Herido,0,1,0,2
1910,De 18 a 29 anos,Hombre,Herido,0,1,0,2
1911,De 18 a 29 anos,Hombre,Herido,0,1,0,2
1912,De 18 a 29 anos,Hombre,Herido,0,1,0,2
1913,De 18 a 29 anos,Hombre,Herido,0,1,0,2
1914,De 18 a 29 anos,Hombre,Herido,0,1,0,2
1915,De 18 a 29 anos,Hombre,Herido,0,1,0,2
1916,De 18 a 29 anos,Hombre,Herido,0,1,0,2
1917,De 18 a 29 anos,Hombre,Herido,0,1,0,2
1918,De 18 a 29 anos,Hombre,Herido,0,1,0,2
1919,De 18 a 29 anos,Hombre,Herido,0,1,0,2
1920,De 18 a 29 anos,Hombre,Herido,0,1,0,2
1921,De 18 a 29 anos,Hombre,Herido,0,1,0,2
1922,De 18 a 29 anos,Hombre,Herido,0,1,0,2
1923,De 18 a 29 anos,Hombre,Herido,0,1,0,2
1924,De 18 a 29 anos,Hombre,Herido,0,1,0,2
1925,De 18 a 29 anos,Hombre,Herido,0,1,0,2
1926,De 18 a 29 anos,Hombre,Herido,0,1,0,2
1927,De 18 a 29 anos,Hombre,Herido,0,1,0,2
1928,De 18 a 29 anos,Hombre,Herido,0,1,0,2
1929,De 18 a 29 anos,Hombre,Herido,0,1,0,2
1930,De 18 a 29 anos,Hombre,Herido,0,1,0,2
1931,De 18 a 29 anos,Hombre,Herido,0,1,0,2
1932,De 18 a 29 anos,Hombre,Herido,0,1,0,2
1933,De 18 a 29 anos,Hombre,Herido,0,1,0,2
1934,De 18 a 29 anos,Hombre,Herido,0,1,0,2
1935,De 18 a 29 anos,Hombre,Herido,0,1,0,2
1936,De 18 a 29 anos,Hombre,Herido,0,1,0,2
1937,De 18 a 29 anos,Hombre,Herido,0,1,0,2
1938,De 18 a 29 anos,Hombre,Herido,0,1,0,2
1939,De 18 a 29 anos,Hombre,Herido,0,1,0,2
1940,De 18 a 29 anos,Hombre,Herido,0,1,0,2
1941,De 18 a 29 anos,Hombre,Herido,0,1,0,2
1942,De 18 a 29 anos,Hombre,Herido,0,1,0,2
1943,De 18 a 29 anos,Hombre,Herido,0,1,0,2
1944,De 18 a 29 anos,Hombre,Herido,0,1,0,2
1945,De 18 a 29 anos,Hombre,Herido,0,1,0,2
1946,De 18 a 29 anos,Hombre,Herido,0,1,0,2
1947,De 18 a 29 anos,Hombre,Herido,0,1,0,2
1948,De 18 a 29 anos,Hombre,Herido,0,1,0,2
1949,De 18 a 29 anos,Hombre,Herido,0,1,0,2
1950,De 18 a 29 anos,Hombre,Herido,0,1,0,2
1951,De 18 a 29 anos,Hombre,Herido,0,1,0,2
1952,De 18 a 29 anos,Hombre,Herido,0,1,0,2
1953,De 18 a 29 anos,Hombre,Herido,0,1,0,2
1954,De 18 a 29 anos,Hombre,Herido,0,1,0,2
1955,De 18 a 29 anos,Hombre,Herido,0,1,0,2
1956,De 18 a 29 anos,Hombre,Herido,0,1,0,2
1957,De 18 a 29 anos,Hombre,Herido,0,1,0,2
1958,De 18 a 29 anos,Hombre,Herido,0,1,0,2
1959,De 18 a 29 anos,Hombre,Herido,0,1,0,2
1960,De 18 a 29 anos,Hombre,Herido,0,1,0,2
1961,De 18 a 29 anos,Hombre,Herido,0,1,0,2
1962,De 18 a 29 anos,Hombre,Herido,0,1,0,2
1963,De 18 a 29 anos,Hombre,Herido,0,1,0,2
1964,De 18 a 29 anos,Hombre,Herido,0,1,0,2
1965,De 18 a 29 anos,Hombre,Herido,0,1,0,2
1966,De 18 a 29 anos,Hombre,Herido,0,1,0,2
1967,De 18 a 29 anos,Hombre,Herido,0,1,0,2
1968,De 18 a 29 anos,Hombre,Herido,0,1,0,2
1969,De 18 a 29 anos,Hombre,Herido,0,1,0,2
1970,De 18 a 29 anos,Hombre,Herido,0,1,0,2
1971,De 18 a 29 anos,Hombre,Herido,0,1,0,2
1972,De 18 a 29 anos,Hombre,Herido,0,1,0,2
1973,De 18 a 29 anos,Hombre,Herido,0,1,0,2
1974,De 18 a 29 anos,Hombre,Herido,0,1,0,2
1975,De 18 a 29 anos,Hombre,Herido,0,1,0,2
1976,De 18 a 29 anos,Hombre,Herido,0,1,0,2
1977,De 18 a 29 anos,Hombre,Herido,0,1,0,2
1978,De 18 a 29 anos,Hombre,Herido,0,1,0,2
1979,De 18 a 29 anos,Hombre,Herido,0,1,0,2
1980,De 18 a 29 anos,Hombre,Herido,0,1,0,2
1981,De 18 a 29 anos,Hombre,Herido,0,1,0,2
1982,De 18 a 29 anos,Hombre,Herido,0,1,0,2
1983,De 18 a 29 anos,Hombre,Herido,0,1,0,2
1984,De 18 a 29 anos,Hombre,Herido,0,1,0,2
1985,De 18 a 29 anos,Hombre,Herido,0,1,0,2
1986,De 18 a 29 anos,Hombre,Herido,0,1,0,2
1987,De 18 a 29 anos,Hombre,Herido,0,1,0,2
1988,De 18 a 29 anos,Hombre,Herido,0,1,0,2
1989,De 18 a 29 anos,Hombre,Herido,0,1,0,2
1990,De 18 a 29 anos,Hombre,Herido,0,1,0,2
1991,De 18 a 29 anos,Hombre,Herido,0,1,0,2
1992,De 18 a 29 anos,Hombre,Herido,0,1,0,2
1993,De 18 a 29 anos,Hombre,Herido,0,1,0,2
1994,De 18 a 29 anos,Hombre,Herido,0,1,0,2
1995,De 18 a 29 anos,Hombre,Herido,0,1,0,2
1996,De 18 a 29 anos,Hombre,Herido,0,1,0,2
1997,De 18 a 29 anos,Hombre,Herido,0,1,0,2
1998,De 18 a 29 anos,Hombre,Herido,0,1,0,2
1999,De 18 a 29 anos,Hombre,Herido,0,1,0,2
2000,De 18 a 29 anos,Hombre,Herido,0,1,0,2
2001,De 18 a 29 anos,Hombre,Herido,0,1,0,2
2002,De 18 a 29 anos,Hombre,Herido,0,1,0,2
2003,De 18 a 29 anos,Hombre,Herido,0,1,0,2
2004,De 18 a 29 anos,Hombre,Herido,0,1,0,2
2005,De 18 a 29 anos,Hombre,Herido,0,1,0,2
2006,De 18 a 29 anos,Hombre,Herido,0,1,0,2
2007,De 18 a 29 anos,Hombre,Herido,0,1,0,2
2008,De 18 a 29 anos,Hombre,Herido,0,1,0,2
2009,De 18 a 29 anos,Hombre,Herido,0,1,0,2
2010,De 18 a 29 anos,Hombre,Herido,0,1,0,2
2011,De 18 a 29 anos,Hombre,Herido,0,1,0,2
2012,De 18 a 29 anos,Hombre,Herido,0,1,0,2
2013,De 18 a 29 anos,Hombre,Herido,0,1,0,2
2014,De 18 a 29 anos,Hombre,Herido,0,1,0,2
2015,De 18 a 29 anos,Hombre,Herido,0,1,0,2
2016,De 18 a 29 anos,Hombre,Herido,0,1,0,2
2017,De 18 a 29 anos,Hombre,Herido,0,1,0,2
2018,De 18 a 29 anos,Hombre,Herido,0,1,0,2
2019,De 18 a 29 anos,Hombre,Herido,0,1,0,2
2020,De 18 a 29 anos,Hombre,Herido,0,1,0,2
2021,De 18 a 29 anos,Hombre,Herido,0,1,0,2
2022,De 18 a 29 anos,Hombre,Herido,0,1,0,2
2023,De 18 a 29 anos,Hombre,Herido,0,1,0,2
2024,De 18 a 29 anos,Hombre,Herido,0,1,0,2
2025,De 18 a 29 anos,Hombre,Herido,0,1,0,2
2026,De 18 a 29 anos,Hombre,Herido,0,1,0,2
2027,De 18 a 29 anos,Hombre,Herido,0,1,0,2
2028,De 18 a 29 anos,Hombre,Herido,0,1,0,2
2029,De 18 a 29 anos,Hombre,Herido,0,1,0,2
2030,De 18 a 29 anos,Hombre,Herido,0,1,0,2
2031,De 18 a 29 anos,Hombre,Herido,0,1,0,2
2032,De 18 a 29 anos,Hombre,Herido,0,1,0,2
2033,De 18 a 29 anos,Hombre,Herido,0,1,0,2
2034,De 18 a 29 anos,Hombre,Herido,0,1,0,2
2035,De 18 a 29 anos,Hombre,Herido,0,1,0,2
2036,De 18 a 29 anos,Hombre,Herido,0,1,0,2
2037,De 18 a 29 anos,Hombre,Herido,0,1,0,2
2038,De 18 a 29 anos,Hombre,Herido,0,1,0,2
2039,De 18 a 29 anos,Hombre,Herido,0,1,0,2
2040,De 18 a 29 anos,Hombre,Herido,0,1,0,2
2041,De 18 a 29 anos,Hombre,Herido,0,1,0,2
2042,De 18 a 29 anos,Hombre,Herido,0,1,0,2
2043,De 18 a 29 anos,Hombre,Herido,0,1,0,2
2044,De 18 a 29 anos,Hombre,Herido,0,1,0,2
2045,De 18 a 29 anos,Hombre,Herido,0,1,0,2
2046,De 18 a 29 anos,Hombre,Herido,0,1,0,2
2047,De 18 a 29 anos,Hombre,Herido,0,1,0,2
2048,De 18 a 29 anos,Hombre,Herido,0,1,0,2
2049,De 18 a 29 anos,Hombre,Herido,0,1,0,2
2050,De 18 a 29 anos,Hombre,Herido,0,1,0,2
2051,De 18 a 29 anos,Hombre,Herido,0,1,0,2
2052,De 18 a 29 anos,Hombre,Herido,0,1,0,2
2053,De 18 a 29 anos,Hombre,Herido,0,1,0,2
2054,De 18 a 29 anos,Hombre,Herido,0,1,0,2
2055,De 18 a 29 anos,Hombre,Herido,0,1,0,2
2056,De 18 a 29 anos,Hombre,Herido,0,1,0,2
2057,De 18 a 29 anos,Hombre,Herido,0,1,0,2
2058,De 18 a 29 anos,Hombre,Herido,0,1,0,2
2059,De 18 a 29 anos,Hombre,Herido,0,1,0,2
2060,De 18 a 29 anos,Hombre,Herido,0,1,0,2
2061,De 18 a 29 anos,Hombre,Herido,0,1,0,2
2062,De 18 a 29 anos,Hombre,Herido,0,1,0,2
2063,De 18 a 29 anos,Hombre,Herido,0,1,0,2
2064,De 18 a 29 anos,Hombre,Herido,0,1,0,2
2065,De 18 a 29 anos,Hombre,Herido,0,1,0,2
2066,De 18 a 29 anos,Hombre,Herido,0,1,0,2
2067,De 18 a 29 anos,Hombre,Herido,0,1,0,2
2068,De 18 a 29 anos,Hombre,Herido,0,1,0,2
2069,De 18 a 29 anos,Hombre,Herido,0,1,0,2
2070,De 18 a 29 anos,Hombre,Herido,0,1,0,2
2071,De 18 a 29 anos,Hombre,Herido,0,1,0,2
2072,De 18 a 29 anos,Hombre,Herido,0,1,0,2
2073,De 18 a 29 anos,Hombre,Herido,0,1,0,2
2074,De 18 a 29 anos,Hombre,Herido,0,1,0,2
2075,De 18 a 29 anos,Hombre,Herido,0,1,0,2
2076,De 18 a 29 anos,Hombre,Herido,0,1,0,2
2077,De 18 a 29 anos,Hombre,Herido,0,1,0,2
2078,De 18 a 29 anos,Hombre,Herido,0,1,0,2
2079,De 18 a 29 anos,Hombre,Herido,0,1,0,2
2080,De 18 a 29 anos,Hombre,Herido,0,1,0,2
2081,De 18 a 29 anos,Hombre,Herido,0,1,0,2
2082,De 18 a 29 anos,Hombre,Herido,0,1,0,2
2083,De 18 a 29 anos,Hombre,Herido,0,1,0,2
2084,De 18 a 29 anos,Hombre,Herido,0,1,0,2
2085,De 18 a 29 anos,Hombre,Herido,0,1,0,2
2086,De 18 a 29 anos,Hombre,Herido,0,1,0,2
2087,De 18 a 29 anos,Hombre,Herido,0,1,0,2
2088,De 18 a 29 anos,Hombre,Herido,0,1,0,2
2089,De 18 a 29 anos,Hombre,Herido,0,1,0,2
2090,De 18 a 29 anos,Hombre,Herido,0,1,0,2
2091,De 18 a 29 anos,Hombre,Herido,0,1,0,2
2092,De 18 a 29 anos,Hombre,Herido,0,1,0,2
2093,De 18 a 29 anos,Hombre,Herido,0,1,0,2
2094,De 18 a 29 anos,Hombre,Herido,0,1,0,2
2095,De 18 a 29 anos,Hombre,Herido,0,1,0,2
2096,De 18 a 29 anos,Hombre,Herido,0,1,0,2
2097,De 18 a 29 anos,Hombre,Herido,0,1,0,2
2098,De 18 a 29 anos,Hombre,Herido,0,1,0,2
2099,De 18 a 29 anos,Hombre,Herido,0,1,0,2
2100,De 18 a 29 anos,Hombre,Herido,0,1,0,2
2101,De 18 a 29 anos,Hombre,Herido,0,1,0,2
2102,De 18 a 29 anos,Hombre,Herido,0,1,0,2
2103,De 18 a 29 anos,Hombre,Herido,0,1,0,2
2104,De 18 a 29 anos,Hombre,Herido,0,1,0,2
2105,De 18 a 29 anos,Hombre,Herido,0,1,0,2
2106,De 18 a 29 anos,Hombre,Herido,0,1,0,2
2107,De 18 a 29 anos,Hombre,Herido,0,1,0,2
2108,De 18 a 29 anos,Hombre,Herido,0,1,0,2
2109,De 18 a 29 anos,Hombre,Herido,0,1,0,2
2110,De 18 a 29 anos,Hombre,Herido,0,1,0,2
2111,De 18 a 29 anos,Hombre,Herido,0,1,0,2
2112,De 18 a 29 anos,Hombre,Herido,0,1,0,2
2113,De 18 a 29 anos,Hombre,Herido,0,1,0,2
2114,De 18 a 29 anos,Hombre,Herido,0,1,0,2
2115,De 18 a 29 anos,Hombre,Herido,0,1,0,2
2116,De 18 a 29 anos,Hombre,Herido,0,1,0,2
2117,De 18 a 29 anos,Hombre,Herido,0,1,0,2
2118,De 18 a 29 anos,Hombre,Herido,0,1,0,2
2119,De 18 a 29 anos,Hombre,Herido,0,1,0,2
2120,De 18 a 29 anos,Hombre,Herido,0,1,0,2
2121,De 18 a 29 anos,Hombre,Herido,0,1,0,2
2122,De 18 a 29 anos,Hombre,Herido,0,1,0,2
2123,De 18 a 29 anos,Hombre,Herido,0,1,0,2
2124,De 18 a 29 anos,Hombre,Herido,0,1,0,2
2125,De 18 a 29 anos,Hombre,Herido,0,1,0,2
2126,De 18 a 29 anos,Hombre,Herido,0,1,0,2
2127,De 18 a 29 anos,Hombre,Herido,0,1,0,2
2128,De 18 a 29 anos,Hombre,Herido,0,1,0,2
2129,De 18 a 29 anos,Hombre,Herido,0,1,0,2
2130,De 18 a 29 anos,Hombre,Herido,0,1,0,2
2131,De 18 a 29 anos,Hombre,Herido,0,1,0,2
2132,De 18 a 29 anos,Hombre,Herido,0,1,0,2
2133,De 18 a 29 anos,Hombre,Herido,0,1,0,2
2134,De 18 a 29 anos,Hombre,Herido,0,1,0,2
2135,De 18 a 29 anos,Hombre,Herido,0,1,0,2
2136,De 18 a 29 anos,Hombre,Herido,0,1,0,2
2137,De 18 a 29 anos,Hombre,Herido,0,1,0,2
2138,De 18 a 29 anos,Hombre,Herido,0,1,0,2
2139,De 18 a 29 anos,Hombre,Herido,0,1,0,2
2140,De 18 a 29 anos,Hombre,Herido,0,1,0,2
2141,De 18 a 29 anos,Hombre,Herido,0,1,0,2
2142,De 18 a 29 anos,Hombre,Herido,0,1,0,2
2143,De 18 a 29 anos,Hombre,Herido,0,1,0,2
2144,De 18 a 29 anos,Hombre,Herido,0,1,0,2
2145,De 18 a 29 anos,Hombre,Herido,0,1,0,2
2146,De 18 a 29 anos,Hombre,Herido,0,1,0,2
2147,De 18 a 29 anos,Hombre,Herido,0,1,0,2
2148,De 18 a 29 anos,Hombre,Herido,0,1,0,2
2149,De 18 a 29 anos,Hombre,Herido,0,1,0,2
2150,De 18 a 29 anos,Hombre,Herido,0,1,0,2
2151,De 18 a 29 anos,Hombre,Herido,0,1,0,2
2152,De 18 a 29 anos,Hombre,Herido,0,1,0,2
2153,De 18 a 29 anos,Hombre,Herido,0,1,0,2
2154,De 18 a 29 anos,Hombre,Herido,0,1,0,2
2155,De 18 a 29 anos,Hombre,Herido,0,1,0,2
2156,De 18 a 29 anos,Hombre,Herido,0,1,0,2
2157,De 18 a 29 anos,Hombre,Herido,0,1,0,2
2158,De 18 a 29 anos,Hombre,Herido,0,1,0,2
2159,De 18 a 29 anos,Hombre,Herido,0,1,0,2
2160,De 18 a 29 anos,Hombre,Herido,0,1,0,2
2161,De 18 a 29 anos,Hombre,Herido,0,1,0,2
2162,De 18 a 29 anos,Hombre,Herido,0,1,0,2
2163,De 18 a 29 anos,Hombre,Herido,0,1,0,2
2164,De 18 a 29 anos,Hombre,Herido,0,1,0,2
2165,De 18 a 29 anos,Hombre,Herido,0,1,0,2
2166,De 18 a 29 anos,Hombre,Herido,0,1,0,2
2167,De 18 a 29 anos,Hombre,Herido,0,1,0,2
2168,De 18 a 29 anos,Hombre,Herido,0,1,0,2
2169,De 18 a 29 anos,Hombre,Herido,0,1,0,2
2170,De 18 a 29 anos,Hombre,Herido,0,1,0,2
2171,De 18 a 29 anos,Mujer,Herido,0,0,0,2
2172,De 18 a 29 anos,Mujer,Herido,0,0,0,2
2173,De 18 a 29 anos,Mujer,Herido,0,0,0,2
2174,De 18 a 29 anos,Mujer,Herido,0,0,0,2
2175,De 18 a 29 anos,Mujer,Herido,0,0,0,2
2176,De 18 a 29 anos,Mujer,Herido,0,0,0,2
2177,De 18 a 29 anos,Mujer,Herido,0,0,0,2
2178,De 18 a 29 anos,Mujer,Herido,0,0,0,2
2179,De 18 a 29 anos,Mujer,Herido,0,0,0,2
2180,De 18 a 29 anos,Mujer,Herido,0,0,0,2
2181,De 18 a 29 anos,Mujer,Herido,0,0,0,2
2182,De 18 a 29 anos,Mujer,Herido,0,0,0,2
2183,De 18 a 29 anos,Mujer,Herido,0,0,0,2
2184,De 18 a 29 anos,Mujer,Herido,0,0,0,2
2185,De 18 a 29 anos,Mujer,Herido,0,0,0,2
2186,De 18 a 29 anos,Mujer,Herido,0,0,0,2
2187,De 18 a 29 anos,Mujer,Herido,0,0,0,2
2188,De 18 a 29 anos,Mujer,Herido,0,0,0,2
2189,De 18 a 29 anos,Mujer,Herido,0,0,0,2
2190,De 18 a 29 anos,Mujer,Herido,0,0,0,2
2191,De 18 a 29 anos,Mujer,Herido,0,0,0,2
2192,De 18 a 29 anos,Mujer,Herido,0,0,0,2
2193,De 18 a 29 anos,Mujer,Herido,0,0,0,2
2194,De 18 a 29 anos,Mujer,Herido,0,0,0,2
2195,De 18 a 29 anos,Mujer,Herido,0,0,0,2
2196,De 18 a 29 anos,Mujer,Herido,0,0,0,2
2197,De 18 a 29 anos,Mujer,Herido,0,0,0,2
2198,De 18 a 29 anos,Mujer,Herido,0,0,0,2
2199,De 18 a 29 anos,Mujer,Herido,0,0,0,2
2200,De 18 a 29 anos,Mujer,Herido,0,0,0,2
2201,De 18 a 29 anos,Mujer,Herido,0,0,0,2
2202,De 18 a 29 anos,Mujer,Herido,0,0,0,2
2203,De 18 a 29 anos,Mujer,Herido,0,0,0,2
2204,De 18 a 29 anos,Mujer,Herido,0,0,0,2
2205,De 18 a 29 anos,Mujer,Herido,0,0,0,2
2206,De 18 a 29 anos,Mujer,Herido,0,0,0,2
2207,De 18 a 29 anos,Mujer,Herido,0,0,0,2
2208,De 18 a 29 anos,Mujer,Herido,0,0,0,2
2209,De 18 a 29 anos,Mujer,Herido,0,0,0,2
2210,De 18 a 29 anos,Mujer,Herido,0,0,0,2
2211,De 18 a 29 anos,Mujer,Herido,0,0,0,2
2212,De 18 a 29 anos,Mujer,Herido,0,0,0,2
2213,De 18 a 29 anos,Mujer,Herido,0,0,0,2
2214,De 18 a 29 anos,Mujer,Herido,0,0,0,2
2215,De 18 a 29 anos,Mujer,Herido,0,0,0,2
2216,De 18 a 29 anos,Mujer,Herido,0,0,0,2
2217,De 18 a 29 anos,Mujer,Herido,0,0,0,2
2218,De 18 a 29 anos,Mujer,Herido,0,0,0,2
2219,De 18 a 29 anos,Mujer,Herido,0,0,0,2
2220,De 18 a 29 anos,Mujer,Herido,0,0,0,2
2221,De 18 a 29 anos,Mujer,Herido,0,0,0,2
2222,De 18 a 29 anos,Mujer,Herido,0,0,0,2
2223,De 18 a 29 anos,Mujer,Herido,0,0,0,2
2224,De 18 a 29 anos,Mujer,Herido,0,0,0,2
2225,De 18 a 29 anos,Mujer,Herido,0,0,0,2
2226,De 18 a 29 anos,Mujer,Herido,0,0,0,2
2227,De 18 a 29 anos,Mujer,Herido,0,0,0,2
2228,De 18 a 29 anos,Mujer,Herido,0,0,0,2
2229,De 18 a 29 anos,Mujer,Herido,0,0,0,2
2230,De 18 a 29 anos,Mujer,Herido,0,0,0,2
2231,De 18 a 29 anos,Mujer,Herido,0,0,0,2
2232,De 18 a 29 anos,Mujer,Herido,0,0,0,2
2233,De 18 a 29 anos,Mujer,Herido,0,0,0,2
2234,De 18 a 29 anos,Mujer,Herido,0,0,0,2
2235,De 18 a 29 anos,Mujer,Herido,0,0,0,2
2236,De 18 a 29 anos,Mujer,Herido,0,0,0,2
2237,De 18 a 29 anos,Mujer,Herido,0,0,0,2
2238,De 18 a 29 anos,Mujer,Herido,0,0,0,2
2239,De 18 a 29 anos,Mujer,Herido,0,0,0,2
2240,De 18 a 29 anos,Mujer,Herido,0,0,0,2
2241,De 18 a 29 anos,Mujer,Herido,0,0,0,2
2242,De 18 a 29 anos,Mujer,Herido,0,0,0,2
2243,De 18 a 29 anos,Mujer,Herido,0,0,0,2
2244,De 18 a 29 anos,Mujer,Herido,0,0,0,2
2245,De 18 a 29 anos,Mujer,Herido,0,0,0,2
2246,De 18 a 29 anos,Mujer,Herido,0,0,0,2
2247,De 18 a 29 anos,Mujer,Herido,0,0,0,2
2248,De 18 a 29 anos,Mujer,Herido,0,0,0,2
2249,De 18 a 29 anos,Mujer,Herido,0,0,0,2
2250,De 18 a 29 anos,Mujer,Herido,0,0,0,2
2251,De 18 a 29 anos,Mujer,Herido,0,0,0,2
2252,De 18 a 29 anos,Mujer,Herido,0,0,0,2
2253,De 18 a 29 anos,Mujer,Herido,0,0,0,2
2254,De 18 a 29 anos,Mujer,Herido,0,0,0,2
2255,De 18 a 29 anos,Mujer,Herido,0,0,0,2
2256,De 18 a 29 anos,Mujer,Herido,0,0,0,2
2257,De 18 a 29 anos,Mujer,Herido,0,0,0,2
2258,De 18 a 29 anos,Mujer,Herido,0,0,0,2
2259,De 18 a 29 anos,Mujer,Herido,0,0,0,2
2260,De 18 a 29 anos,Mujer,Herido,0,0,0,2
2261,De 18 a 29 anos,Mujer,Herido,0,0,0,2
2262,De 18 a 29 anos,Mujer,Herido,0,0,0,2
2263,De 18 a 29 anos,Mujer,Herido,0,0,0,2
2264,De 18 a 29 anos,Mujer,Herido,0,0,0,2
2265,De 18 a 29 anos,Mujer,Herido,0,0,0,2
2266,De 18 a 29 anos,Mujer,Herido,0,0,0,2
2267,De 18 a 29 anos,Mujer,Herido,0,0,0,2
2268,De 18 a 29 anos,Mujer,Herido,0,0,0,2
2269,De 18 a 29 anos,Mujer,Herido,0,0,0,2
2270,De 18 a 29 anos,Mujer,Herido,0,0,0,2
2271,De 18 a 29 anos,Mujer,Herido,0,0,0,2
2272,De 18 a 29 anos,Mujer,Herido,0,0,0,2
2273,De 18 a 29 anos,Mujer,Herido,0,0,0,2
2274,De 18 a 29 anos,Mujer,Herido,0,0,0,2
2275,De 18 a 29 anos,Mujer,Herido,0,0,0,2
2276,De 18 a 29 anos,Mujer,Herido,0,0,0,2
2277,De 18 a 29 anos,Mujer,Herido,0,0,0,2
2278,De 18 a 29 anos,Mujer,Herido,0,0,0,2
2279,De 18 a 29 anos,Mujer,Herido,0,0,0,2
2280,De 18 a 29 anos,Mujer,Herido,0,0,0,2
2281,De 18 a 29 anos,Mujer,Herido,0,0,0,2
2282,De 18 a 29 anos,Mujer,Herido,0,0,0,2
2283,De 18 a 29 anos,Mujer,Herido,0,0,0,2
2284,De 18 a 29 anos,Mujer,Herido,0,0,0,2
2285,De 18 a 29 anos,Mujer,Herido,0,0,0,2
2286,De 18 a 29 anos,Mujer,Herido,0,0,0,2
2287,De 18 a 29 anos,Mujer,Herido,0,0,0,2
2288,De 18 a 29 anos,Mujer,Herido,0,0,0,2
2289,De 18 a 29 anos,Mujer,Herido,0,0,0,2
2290,De 18 a 29 anos,Mujer,Herido,0,0,0,2
2291,De 18 a 29 anos,Mujer,Herido,0,0,0,2
2292,De 18 a 29 anos,Mujer,Herido,0,0,0,2
2293,De 18 a 29 anos,Mujer,Herido,0,0,0,2
2294,De 18 a 29 anos,Mujer,Herido,0,0,0,2
2295,De 18 a 29 anos,Mujer,Herido,0,0,0,2
2296,De 18 a 29 anos,Mujer,Herido,0,0,0,2
2297,De 18 a 29 anos,Mujer,Herido,0,0,0,2
2298,De 18 a 29 anos,Mujer,Herido,0,0,0,2
2299,De 18 a 29 anos,Mujer,Herido,0,0,0,2
2300,De 18 a 29 anos,Mujer,Herido,0,0,0,2
2301,De 18 a 29 anos,Mujer,Herido,0,0,0,2
2302,De 18 a 29 anos,Mujer,Herido,0,0,0,2
2303,De 18 a 29 anos,Mujer,Herido,0,0,0,2
2304,De 18 a 29 anos,Mujer,Herido,0,0,0,2
2305,De 18 a 29 anos,Mujer,Herido,0,0,0,2
2306,De 18 a 29 anos,Mujer,Herido,0,0,0,2
2307,De 18 a 29 anos,Mujer,Herido,0,0,0,2
2308,De 18 a 29 anos,Mujer,Herido,0,0,0,2
2309,De 18 a 29 anos,Mujer,Herido,0,0,0,2
2310,De 18 a 29 anos,Mujer,Herido,0,0,0,2
2311,De 18 a 29 anos,Mujer,Herido,0,0,0,2
2312,De 18 a 29 anos,Mujer,Herido,0,0,0,2
2313,De 18 a 29 anos,Mujer,Herido,0,0,0,2
2314,De 18 a 29 anos,Mujer,Herido,0,0,0,2
2315,De 18 a 29 anos,Mujer,Herido,0,0,0,2
2316,De 18 a 29 anos,Mujer,Herido,0,0,0,2
2317,De 18 a 29 anos,Mujer,Herido,0,0,0,2
2318,De 18 a 29 anos,Mujer,Herido,0,0,0,2
2319,De 18 a 29 anos,Mujer,Herido,0,0,0,2
2320,De 18 a 29 anos,Mujer,Herido,0,0,0,2
2321,De 18 a 29 anos,Mujer,Herido,0,0,0,2
2322,De 18 a 29 anos,Mujer,Herido,0,0,0,2
2323,De 18 a 29 anos,Mujer,Herido,0,0,0,2
2324,De 18 a 29 anos,Mujer,Herido,0,0,0,2
2325,De 18 a 29 anos,Mujer,Herido,0,0,0,2
2326,De 18 a 29 anos,Mujer,Herido,0,0,0,2
2327,De 18 a 29 anos,Mujer,Herido,0,0,0,2
2328,De 18 a 29 anos,Mujer,Herido,0,0,0,2
2329,De 18 a 29 anos,Mujer,Herido,0,0,0,2
2330,De 18 a 29 anos,Mujer,Herido,0,0,0,2
2331,De 18 a 29 anos,Mujer,Herido,0,0,0,2
2332,De 18 a 29 anos,Mujer,Herido,0,0,0,2
2333,De 18 a 29 anos,Mujer,Herido,0,0,0,2
2334,De 18 a 29 anos,Mujer,Herido,0,0,0,2
2335,De 18 a 29 anos,Mujer,Herido,0,0,0,2
2336,De 18 a 29 anos,Mujer,Herido,0,0,0,2
2337,De 18 a 29 anos,Mujer,Herido,0,0,0,2
2338,De 18 a 29 anos,Mujer,Herido,0,0,0,2
2339,De 18 a 29 anos,Mujer,Herido,0,0,0,2
2340,De 18 a 29 anos,Mujer,Herido,0,0,0,2
2341,De 18 a 29 anos,Mujer,Herido,0,0,0,2
2342,De 18 a 29 anos,Mujer,Herido,0,0,0,2
2343,De 18 a 29 anos,Mujer,Herido,0,0,0,2
2344,De 18 a 29 anos,Mujer,Herido,0,0,0,2
2345,De 18 a 29 anos,Mujer,Herido,0,0,0,2
2346,De 18 a 29 anos,Mujer,Herido,0,0,0,2
2347,De 18 a 29 anos,Mujer,Herido,0,0,0,2
2348,De 18 a 29 anos,Mujer,Herido,0,0,0,2
2349,De 18 a 29 anos,Mujer,Herido,0,0,0,2
2350,De 18 a 29 anos,Mujer,Herido,0,0,0,2
2351,De 18 a 29 anos,Mujer,Herido,0,0,0,2
2352,De 18 a 29 anos,Mujer,Herido,0,0,0,2
2353,De 18 a 29 anos,Mujer,Herido,0,0,0,2
2354,De 18 a 29 anos,Mujer,Herido,0,0,0,2
2355,De 18 a 29 anos,Mujer,Herido,0,0,0,2
2356,De 18 a 29 anos,Mujer,Herido,0,0,0,2
2357,De 18 a 29 anos,Mujer,Herido,0,0,0,2
2358,De 18 a 29 anos,Mujer,Herido,0,0,0,2
2359,De 18 a 29 anos,Mujer,Herido,0,0,0,2
2360,De 18 a 29 anos,Mujer,Herido,0,0,0,2
2361,De 18 a 29 anos,Mujer,Herido,0,0,0,2
2362,De 18 a 29 anos,Mujer,Herido,0,0,0,2
2363,De 18 a 29 anos,Mujer,Herido,0,0,0,2
2364,De 18 a 29 anos,Mujer,Herido,0,0,0,2
2365,De 18 a 29 anos,Mujer,Herido,0,0,0,2
2366,De 18 a 29 anos,Mujer,Herido,0,0,0,2
2367,De 18 a 29 anos,Mujer,Herido,0,0,0,2
2368,De 18 a 29 anos,Mujer,Herido,0,0,0,2
2369,De 18 a 29 anos,Mujer,Herido,0,0,0,2
2370,De 18 a 29 anos,Mujer,Herido,0,0,0,2
2371,De 18 a 29 anos,Mujer,Herido,0,0,0,2
2372,De 18 a 29 anos,Mujer,Herido,0,0,0,2
2373,De 18 a 29 anos,Mujer,Herido,0,0,0,2
2374,De 18 a 29 anos,Mujer,Herido,0,0,0,2
2375,De 18 a 29 anos,Mujer,Herido,0,0,0,2
2376,De 18 a 29 anos,Mujer,Herido,0,0,0,2
2377,De 18 a 29 anos,Mujer,Herido,0,0,0,2
2378,De 18 a 29 anos,Mujer,Herido,0,0,0,2
2379,De 18 a 29 anos,Mujer,Herido,0,0,0,2
2380,De 18 a 29 anos,Mujer,Herido,0,0,0,2
2381,De 18 a 29 anos,Mujer,Herido,0,0,0,2
2382,De 18 a 29 anos,Mujer,Herido,0,0,0,2
2383,De 18 a 29 anos,Mujer,Herido,0,0,0,2
2384,De 18 a 29 anos,Mujer,Herido,0,0,0,2
2385,De 18 a 29 anos,Mujer,Herido,0,0,0,2
2386,De 18 a 29 anos,Mujer,Herido,0,0,0,2
2387,De 18 a 29 anos,Mujer,Herido,0,0,0,2
2388,De 18 a 29 anos,Mujer,Herido,0,0,0,2
2389,De 18 a 29 anos,Mujer,Herido,0,0,0,2
2390,De 18 a 29 anos,Mujer,Herido,0,0,0,2
2391,De 18 a 29 anos,Mujer,Herido,0,0,0,2
2392,De 18 a 29 anos,Mujer,Herido,0,0,0,2
2393,De 18 a 29 anos,Mujer,Herido,0,0,0,2
2394,De 18 a 29 anos,Mujer,Herido,0,0,0,2
2395,De 18 a 29 anos,Mujer,Herido,0,0,0,2
2396,De 18 a 29 anos,Mujer,Herido,0,0,0,2
2397,De 18 a 29 anos,Mujer,Herido,0,0,0,2
2398,De 18 a 29 anos,Mujer,Herido,0,0,0,2
2399,De 18 a 29 anos,Mujer,Herido,0,0,0,2
2400,De 18 a 29 anos,Mujer,Herido,0,0,0,2
2401,De 18 a 29 anos,Mujer,Herido,0,0,0,2
2402,De 18 a 29 anos,Mujer,Herido,0,0,0,2
2403,De 18 a 29 anos,Mujer,Herido,0,0,0,2
2404,De 18 a 29 anos,Mujer,Herido,0,0,0,2
2405,De 18 a 29 anos,Mujer,Herido,0,0,0,2
2406,De 18 a 29 anos,Mujer,Herido,0,0,0,2
2407,De 18 a 29 anos,Mujer,Herido,0,0,0,2
2408,De 18 a 29 anos,Mujer,Herido,0,0,0,2
2409,De 18 a 29 anos,Mujer,Herido,0,0,0,2
2410,De 18 a 29 anos,Mujer,Herido,0,0,0,2
2411,De 18 a 29 anos,Mujer,Herido,0,0,0,2
2412,De 18 a 29 anos,Mujer,Herido,0,0,0,2
2413,De 18 a 29 anos,Mujer,Herido,0,0,0,2
2414,De 18 a 29 anos,Mujer,Herido,0,0,0,2
2415,De 18 a 29 anos,Mujer,Herido,0,0,0,2
2416,De 18 a 29 anos,Mujer,Herido,0,0,0,2
2417,De 18 a 29 anos,Mujer,Herido,0,0,0,2
2418,De 18 a 29 anos,Mujer,Herido,0,0,0,2
2419,De 18 a 29 anos,Mujer,Herido,0,0,0,2
2420,De 18 a 29 anos,Mujer,Herido,0,0,0,2
2421,De 18 a 29 anos,Mujer,Herido,0,0,0,2
2422,De 18 a 29 anos,Mujer,Herido,0,0,0,2
2423,De 18 a 29 anos,Mujer,Herido,0,0,0,2
2424,De 18 a 29 anos,Mujer,Herido,0,0,0,2
2425,De 18 a 29 anos,Mujer,Herido,0,0,0,2
2426,De 18 a 29 anos,Mujer,Herido,0,0,0,2
2427,De 18 a 29 anos,Mujer,Herido,0,0,0,2
2428,De 18 a 29 anos,Mujer,Herido,0,0,0,2
2429,De 18 a 29 anos,Mujer,Herido,0,0,0,2
2430,De 18 a 29 anos,Mujer,Herido,0,0,0,2
2431,De 18 a 29 anos,Mujer,Herido,0,0,0,2
2432,De 18 a 29 anos,Mujer,Herido,0,0,0,2
2433,De 18 a 29 anos,Mujer,Herido,0,0,0,2
2434,De 18 a 29 anos,Mujer,Herido,0,0,0,2
2435,De 18 a 29 anos,Mujer,Herido,0,0,0,2
2436,De 18 a 29 anos,Mujer,Herido,0,0,0,2
2437,De 18 a 29 anos,Mujer,Herido,0,0,0,2
2438,De 18 a 29 anos,Mujer,Herido,0,0,0,2
2439,De 18 a 29 anos,Mujer,Herido,0,0,0,2
2440,De 18 a 29 anos,Mujer,Herido,0,0,0,2
2441,De 18 a 29 anos,Mujer,Herido,0,0,0,2
2442,De 18 a 29 anos,Mujer,Herido,0,0,0,2
2443,De 18 a 29 anos,Mujer,Herido,0,0,0,2
2444,De 18 a 29 anos,Mujer,Herido,0,0,0,2
2445,De 18 a 29 anos,Mujer,Herido,0,0,0,2
2446,De 18 a 29 anos,Mujer,Herido,0,0,0,2
2447,De 18 a 29 anos,Mujer,Herido,0,0,0,2
2448,De 18 a 29 anos,Mujer,Herido,0,0,0,2
2449,De 18 a 29 anos,Mujer,Herido,0,0,0,2
2450,De 18 a 29 anos,Mujer,Herido,0,0,0,2
2451,De 18 a 29 anos,Mujer,Herido,0,0,0,2
2452,De 18 a 29 anos,Mujer,Herido,0,0,0,2
2453,De 18 a 29 anos,Mujer,Herido,0,0,0,2
2454,De 18 a 29 anos,Mujer,Herido,0,0,0,2
2455,De 18 a 29 anos,Mujer,Herido,0,0,0,2
2456,De 18 a 29 anos,Mujer,Herido,0,0,0,2
2457,De 18 a 29 anos,Mujer,Herido,0,0,0,2
2458,De 18 a 29 anos,Mujer,Herido,0,0,0,2
2459,De 18 a 29 anos,Mujer,Herido,0,0,0,2
2460,De 18 a 29 anos,Mujer,Herido,0,0,0,2
2461,De 18 a 29 anos,Mujer,Herido,0,0,0,2
2462,De 18 a 29 anos,Mujer,Herido,0,0,0,2
2463,De 18 a 29 anos,Mujer,Herido,0,0,0,2
2464,De 18 a 29 anos,Mujer,Herido,0,0,0,2
2465,De 18 a 29 anos,Mujer,Herido,0,0,0,2
2466,De 18 a 29 anos,Mujer,Herido,0,0,0,2
2467,De 18 a 29 anos,Mujer,Herido,0,0,0,2
2468,De 18 a 29 anos,Mujer,Herido,0,0,0,2
2469,De 18 a 29 anos,Mujer,Herido,0,0,0,2
2470,De 18 a 29 anos,Mujer,Herido,0,0,0,2
2471,De 18 a 29 anos,Mujer,Herido,0,0,0,2
2472,De 18 a 29 anos,Mujer,Herido,0,0,0,2
2473,De 18 a 29 anos,Mujer,Herido,0,0,0,2
2474,De 18 a 29 anos,Mujer,Herido,0,0,0,2
2475,De 18 a 29 anos,Mujer,Herido,0,0,0,2
2476,De 18 a 29 anos,Mujer,Herido,0,0,0,2
2477,De 18 a 29 anos,Mujer,Herido,0,0,0,2
2478,De 18 a 29 anos,Mujer,Herido,0,0,0,2
2479,De 18 a 29 anos,Mujer,Herido,0,0,0,2
2480,De 18 a 29 anos,Mujer,Herido,0,0,0,2
2481,De 18 a 29 anos,Mujer,Herido,0,0,0,2
2482,De 18 a 29 anos,Mujer,Herido,0,0,0,2
2483,De 18 a 29 anos,Mujer,Herido,0,0,0,2
2484,De 18 a 29 anos,Mujer,Herido,0,0,0,2
2485,De 18 a 29 anos,Mujer,Herido,0,0,0,2
2486,De 18 a 29 anos,Mujer,Herido,0,0,0,2
2487,De 18 a 29 anos,Mujer,Herido,0,0,0,2
2488,De 18 a 29 anos,Mujer,Herido,0,0,0,2
2489,De 18 a 29 anos,Mujer,Herido,0,0,0,2
2490,De 18 a 29 anos,Mujer,Herido,0,0,0,2
2491,De 18 a 29 anos,Mujer,Herido,0,0,0,2
2492,De 18 a 29 anos,Mujer,Herido,0,0,0,2
2493,De 18 a 29 anos,Mujer,Herido,0,0,0,2
2494,De 18 a 29 anos,Mujer,Herido,0,0,0,2
2495,De 18 a 29 anos,Mujer,Herido,0,0,0,2
2496,De 18 a 29 anos,Mujer,Herido,0,0,0,2
2497,De 18 a 29 anos,Mujer,Herido,0,0,0,2
2498,De 18 a 29 anos,Mujer,Herido,0,0,0,2
2499,De 18 a 29 anos,Mujer,Herido,0,0,0,2
2500,De 18 a 29 anos,Mujer,Herido,0,0,0,2
2501,De 18 a 29 anos,Mujer,Herido,0,0,0,2
2502,De 18 a 29 anos,Mujer,Herido,0,0,0,2
2503,De 18 a 29 anos,Mujer,Herido,0,0,0,2
2504,De 18 a 29 anos,Mujer,Herido,0,0,0,2
2505,De 18 a 29 anos,Mujer,Herido,0,0,0,2
2506,De 18 a 29 anos,Mujer,Herido,0,0,0,2
2507,De 18 a 29 anos,Mujer,Herido,0,0,0,2
2508,De 18 a 29 anos,Mujer,Herido,0,0,0,2
2509,De 18 a 29 anos,Mujer,Herido,0,0,0,2
2510,De 18 a 29 anos,Mujer,Herido,0,0,0,2
2511,De 18 a 29 anos,Mujer,Herido,0,0,0,2
2512,De 18 a 29 anos,Mujer,Herido,0,0,0,2
2513,De 18 a 29 anos,Mujer,Herido,0,0,0,2
2514,De 18 a 29 anos,Mujer,Herido,0,0,0,2
2515,De 18 a 29 anos,Mujer,Herido,0,0,0,2
2516,De 18 a 29 anos,Mujer,Herido,0,0,0,2
2517,De 18 a 29 anos,Mujer,Herido,0,0,0,2
2518,De 18 a 29 anos,Mujer,Herido,0,0,0,2
2519,De 18 a 29 anos,Mujer,Herido,0,0,0,2
2520,De 18 a 29 anos,Mujer,Herido,0,0,0,2
2521,De 18 a 29 anos,Mujer,Herido,0,0,0,2
2522,De 18 a 29 anos,Mujer,Herido,0,0,0,2
2523,De 18 a 29 anos,Mujer,Herido,0,0,0,2
2524,De 18 a 29 anos,Mujer,Herido,0,0,0,2
2525,De 18 a 29 anos,Mujer,Herido,0,0,0,2
2526,De 18 a 29 anos,Mujer,Herido,0,0,0,2
2527,De 18 a 29 anos,Mujer,Herido,0,0,0,2
2528,De 18 a 29 anos,Mujer,Herido,0,0,0,2
2529,De 18 a 29 anos,Mujer,Herido,0,0,0,2
2530,De 18 a 29 anos,Mujer,Herido,0,0,0,2
2531,De 18 a 29 anos,Mujer,Herido,0,0,0,2
2532,De 18 a 29 anos,Mujer,Herido,0,0,0,2
2533,De 18 a 29 anos,Mujer,Herido,0,0,0,2
2534,De 18 a 29 anos,Mujer,Herido,0,0,0,2
2535,De 18 a 29 anos,Mujer,Herido,0,0,0,2
2536,De 18 a 29 anos,Mujer,Herido,0,0,0,2
2537,De 18 a 29 anos,Mujer,Herido,0,0,0,2
2538,De 18 a 29 anos,Mujer,Herido,0,0,0,2
2539,De 18 a 29 anos,Mujer,Herido,0,0,0,2
2540,De 18 a 29 anos,Mujer,Herido,0,0,0,2
2541,De 18 a 29 anos,Mujer,Herido,0,0,0,2
2542,De 18 a 29 anos,Mujer,Herido,0,0,0,2
2543,De 18 a 29 anos,Mujer,Herido,0,0,0,2
2544,De 18 a 29 anos,Mujer,Herido,0,0,0,2
2545,De 18 a 29 anos,Mujer,Herido,0,0,0,2
2546,De 18 a 29 anos,Mujer,Herido,0,0,0,2
2547,De 18 a 29 anos,Mujer,Herido,0,0,0,2
2548,De 18 a 29 anos,Mujer,Herido,0,0,0,2
2549,De 18 a 29 anos,Mujer,Herido,0,0,0,2
2550,De 18 a 29 anos,Mujer,Herido,0,0,0,2
2551,De 18 a 29 anos,Mujer,Herido,0,0,0,2
2552,De 18 a 29 anos,Mujer,Herido,0,0,0,2
2553,De 18 a 29 anos,Mujer,Herido,0,0,0,2
2554,De 18 a 29 anos,Mujer,Herido,0,0,0,2
2555,De 18 a 29 anos,Mujer,Herido,0,0,0,2
2556,De 18 a 29 anos,Mujer,Herido,0,0,0,2
2557,De 18 a 29 anos,Mujer,Herido,0,0,0,2
2558,De 18 a 29 anos,Mujer,Herido,0,0,0,2
2559,De 18 a 29 anos,Mujer,Herido,0,0,0,2
2560,De 18 a 29 anos,Mujer,Herido,0,0,0,2
2561,De 18 a 29 anos,Mujer,Herido,0,0,0,2
2562,De 18 a 29 anos,Mujer,Herido,0,0,0,2
2563,De 18 a 29 anos,Mujer,Herido,0,0,0,2
2564,De 18 a 29 anos,Mujer,Herido,0,0,0,2
2565,De 18 a 29 anos,Mujer,Herido,0,0,0,2
2566,De 18 a 29 anos,Mujer,Herido,0,0,0,2
2567,De 18 a 29 anos,Mujer,Herido,0,0,0,2
2568,De 18 a 29 anos,Mujer,Herido,0,0,0,2
2569,De 18 a 29 anos,Mujer,Herido,0,0,0,2
2570,De 18 a 29 anos,Mujer,Herido,0,0,0,2
2571,De 18 a 29 anos,Mujer,Herido,0,0,0,2
2572,De 18 a 29 anos,Mujer,Herido,0,0,0,2
2573,De 18 a 29 anos,Mujer,Herido,0,0,0,2
2574,De 18 a 29 anos,Mujer,Herido,0,0,0,2
2575,De 18 a 29 anos,Hombre,Fallecido,1,1,0,2
2576,De 18 a 29 anos,Hombre,Fallecido,1,1,0,2
2577,De 18 a 29 anos,Hombre,Fallecido,1,1,0,2
2578,De 18 a 29 anos,Hombre,Fallecido,1,1,0,2
2579,De 18 a 29 anos,Hombre,Fallecido,1,1,0,2
2580,De 18 a 29 anos,Hombre,Fallecido,1,1,0,2
2581,De 18 a 29 anos,Hombre,Fallecido,1,1,0,2
2582,De 18 a 29 anos,Hombre,Fallecido,1,1,0,2
2583,De 18 a 29 anos,Hombre,Fallecido,1,1,0,2
2584,De 18 a 29 anos,Hombre,Fallecido,1,1,0,2
2585,De 18 a 29 anos,Hombre,Fallecido,1,1,0,2
2586,De 18 a 29 anos,Hombre,Fallecido,1,1,0,2
2587,De 18 a 29 anos,Hombre,Fallecido,1,1,0,2
2588,De 18 a 29 anos,Hombre,Fallecido,1,1,0,2
2589,De 18 a 29 anos,Hombre,Fallecido,1,1,0,2
2590,De 18 a 29 anos,Hombre,Fallecido,1,1,0,2
2591,De 18 a 29 anos,Hombre,Fallecido,1,1,0,2
2592,De 18 a 29 anos,Hombre,Fallecido,1,1,0,2
2593,De 18 a 29 anos,Hombre,Fallecido,1,1,0,2
2594,De 18 a 29 anos,Hombre,Fallecido,1,1,0,2
2595,De 18 a 29 anos,Hombre,Fallecido,1,1,0,2
2596,De 18 a 29 anos,Hombre,Fallecido,1,1,0,2
2597,De 18 a 29 anos,Hombre,Fallecido,1,1,0,2
2598,De 18 a 29 anos,Hombre,Fallecido,1,1,0,2
2599,De 18 a 29 anos,Hombre,Fallecido,1,1,0,2
2600,De 18 a 29 anos,Hombre,Fallecido,1,1,0,2
2601,De 18 a 29 anos,Hombre,Fallecido,1,1,0,2
2602,De 18 a 29 anos,Hombre,Fallecido,1,1,0,2
2603,De 18 a 29 anos,Hombre,Fallecido,1,1,0,2
2604,De 18 a 29 anos,Hombre,Fallecido,1,1,0,2
2605,De 18 a 29 anos,Hombre,Fallecido,1,1,0,2
2606,De 18 a 29 anos,Hombre,Fallecido,1,1,0,2
2607,De 18 a 29 anos,Hombre,Fallecido,1,1,0,2
2608,De 18 a 29 anos,Hombre,Fallecido,1,1,0,2
2609,De 18 a 29 anos,Hombre,Fallecido,1,1,0,2
2610,De 18 a 29 anos,Hombre,Fallecido,1,1,0,2
2611,De 18 a 29 anos,Hombre,Fallecido,1,1,0,2
2612,De 18 a 29 anos,Hombre,Fallecido,1,1,0,2
2613,De 18 a 29 anos,Hombre,Fallecido,1,1,0,2
2614,De 18 a 29 anos,Hombre,Fallecido,1,1,0,2
2615,De 18 a 29 anos,Hombre,Fallecido,1,1,0,2
2616,De 18 a 29 anos,Hombre,Fallecido,1,1,0,2
2617,De 18 a 29 anos,Hombre,Fallecido,1,1,0,2
2618,De 18 a 29 anos,Hombre,Fallecido,1,1,0,2
2619,De 18 a 29 anos,Hombre,Fallecido,1,1,0,2
2620,De 18 a 29 anos,Hombre,Fallecido,1,1,0,2
2621,De 18 a 29 anos,Hombre,Fallecido,1,1,0,2
2622,De 18 a 29 anos,Hombre,Fallecido,1,1,0,2
2623,De 18 a 29 anos,Hombre,Fallecido,1,1,0,2
2624,De 18 a 29 anos,Hombre,Fallecido,1,1,0,2
2625,De 18 a 29 anos,Hombre,Fallecido,1,1,0,2
2626,De 18 a 29 anos,Hombre,Fallecido,1,1,0,2
2627,De 18 a 29 anos,Hombre,Fallecido,1,1,0,2
2628,De 18 a 29 anos,Hombre,Fallecido,1,1,0,2
2629,De 18 a 29 anos,Hombre,Fallecido,1,1,0,2
2630,De 18 a 29 anos,Hombre,Fallecido,1,1,0,2
2631,De 18 a 29 anos,Hombre,Fallecido,1,1,0,2
2632,De 18 a 29 anos,Hombre,Fallecido,1,1,0,2
2633,De 18 a 29 anos,Hombre,Fallecido,1,1,0,2
2634,De 18 a 29 anos,Hombre,Fallecido,1,1,0,2
2635,De 18 a 29 anos,Hombre,Fallecido,1,1,0,2
2636,De 18 a 29 anos,Hombre,Fallecido,1,1,0,2
2637,De 18 a 29 anos,Hombre,Fallecido,1,1,0,2
2638,De 18 a 29 anos,Hombre,Fallecido,1,1,0,2
2639,De 18 a 29 anos,Hombre,Fallecido,1,1,0,2
2640,De 18 a 29 anos,Hombre,Fallecido,1,1,0,2
2641,De 18 a 29 anos,Hombre,Fallecido,1,1,0,2
2642,De 18 a 29 anos,Hombre,Fallecido,1,1,0,2
2643,De 18 a 29 anos,Hombre,Fallecido,1,1,0,2
2644,De 18 a 29 anos,Hombre,Fallecido,1,1,0,2
2645,De 18 a 29 anos,Hombre,Fallecido,1,1,0,2
2646,De 18 a 29 anos,Hombre,Fallecido,1,1,0,2
2647,De 18 a 29 anos,Hombre,Fallecido,1,1,0,2
2648,De 18 a 29 anos,Hombre,Fallecido,1,1,0,2
2649,De 18 a 29 anos,Hombre,Fallecido,1,1,0,2
2650,De 18 a 29 anos,Hombre,Fallecido,1,1,0,2
2651,De 18 a 29 anos,Hombre,Fallecido,1,1,0,2
2652,De 18 a 29 anos,Hombre,Fallecido,1,1,0,2
2653,De 18 a 29 anos,Hombre,Fallecido,1,1,0,2
2654,De 18 a 29 anos,Hombre,Fallecido,1,1,0,2
2655,De 18 a 29 anos,Hombre,Fallecido,1,1,0,2
2656,De 18 a 29 anos,Hombre,Fallecido,1,1,0,2
2657,De 18 a 29 anos,Hombre,Fallecido,1,1,0,2
2658,De 18 a 29 anos,Hombre,Fallecido,1,1,0,2
2659,De 18 a 29 anos,Hombre,Fallecido,1,1,0,2
2660,De 18 a 29 anos,Hombre,Fallecido,1,1,0,2
2661,De 18 a 29 anos,Hombre,Fallecido,1,1,0,2
2662,De 18 a 29 anos,Hombre,Fallecido,1,1,0,2
2663,De 18 a 29 anos,Hombre,Fallecido,1,1,0,2
2664,De 18 a 29 anos,Hombre,Fallecido,1,1,0,2
2665,De 18 a 29 anos,Hombre,Fallecido,1,1,0,2
2666,De 18 a 29 anos,Hombre,Fallecido,1,1,0,2
2667,De 18 a 29 anos,Hombre,Fallecido,1,1,0,2
2668,De 18 a 29 anos,Hombre,Fallecido,1,1,0,2
2669,De 18 a 29 anos,Hombre,Fallecido,1,1,0,2
2670,De 18 a 29 anos,Hombre,Fallecido,1,1,0,2
2671,De 18 a 29 anos,Hombre,Fallecido,1,1,0,2
2672,De 18 a 29 anos,Hombre,Fallecido,1,1,0,2
2673,De 18 a 29 anos,Hombre,Fallecido,1,1,0,2
2674,De 18 a 29 anos,Hombre,Fallecido,1,1,0,2
2675,De 18 a 29 anos,Hombre,Fallecido,1,1,0,2
2676,De 18 a 29 anos,Hombre,Fallecido,1,1,0,2
2677,De 18 a 29 anos,Hombre,Fallecido,1,1,0,2
2678,De 18 a 29 anos,Hombre,Fallecido,1,1,0,2
2679,De 18 a 29 anos,Hombre,Fallecido,1,1,0,2
2680,De 18 a 29 anos,Hombre,Fallecido,1,1,0,2
2681,De 18 a 29 anos,Hombre,Fallecido,1,1,0,2
2682,De 18 a 29 anos,Hombre,Fallecido,1,1,0,2
2683,De 18 a 29 anos,Hombre,Fallecido,1,1,0,2
2684,De 18 a 29 anos,Hombre,Fallecido,1,1,0,2
2685,De 18 a 29 anos,Hombre,Fallecido,1,1,0,2
2686,De 18 a 29 anos,Hombre,Fallecido,1,1,0,2
2687,De 18 a 29 anos,Hombre,Fallecido,1,1,0,2
2688,De 18 a 29 anos,Hombre,Fallecido,1,1,0,2
2689,De 18 a 29 anos,Hombre,Fallecido,1,1,0,2
2690,De 18 a 29 anos,Hombre,Fallecido,1,1,0,2
2691,De 18 a 29 anos,Hombre,Fallecido,1,1,0,2
2692,De 18 a 29 anos,Hombre,Fallecido,1,1,0,2
2693,De 18 a 29 anos,Hombre,Fallecido,1,1,0,2
2694,De 18 a 29 anos,Hombre,Fallecido,1,1,0,2
2695,De 18 a 29 anos,Hombre,Fallecido,1,1,0,2
2696,De 18 a 29 anos,Hombre,Fallecido,1,1,0,2
2697,De 18 a 29 anos,Hombre,Fallecido,1,1,0,2
2698,De 18 a 29 anos,Hombre,Fallecido,1,1,0,2
2699,De 18 a 29 anos,Hombre,Fallecido,1,1,0,2
2700,De 18 a 29 anos,Hombre,Fallecido,1,1,0,2
2701,De 18 a 29 anos,Hombre,Fallecido,1,1,0,2
2702,De 18 a 29 anos,Hombre,Fallecido,1,1,0,2
2703,De 18 a 29 anos,Hombre,Fallecido,1,1,0,2
2704,De 18 a 29 anos,Hombre,Fallecido,1,1,0,2
2705,De 18 a 29 anos,Hombre,Fallecido,1,1,0,2
2706,De 18 a 29 anos,Hombre,Fallecido,1,1,0,2
2707,De 18 a 29 anos,Hombre,Fallecido,1,1,0,2
2708,De 18 a 29 anos,Hombre,Fallecido,1,1,0,2
2709,De 18 a 29 anos,Hombre,Fallecido,1,1,0,2
2710,De 18 a 29 anos,Hombre,Fallecido,1,1,0,2
2711,De 18 a 29 anos,Hombre,Fallecido,1,1,0,2
2712,De 18 a 29 anos,Hombre,Fallecido,1,1,0,2
2713,De 18 a 29 anos,Hombre,Fallecido,1,1,0,2
2714,De 18 a 29 anos,Hombre,Fallecido,1,1,0,2
2715,De 18 a 29 anos,Hombre,Fallecido,1,1,0,2
2716,De 18 a 29 anos,Hombre,Fallecido,1,1,0,2
2717,De 18 a 29 anos,Hombre,Fallecido,1,1,0,2
2718,De 18 a 29 anos,Hombre,Fallecido,1,1,0,2
2719,De 18 a 29 anos,Hombre,Fallecido,1,1,0,2
2720,De 18 a 29 anos,Hombre,Fallecido,1,1,0,2
2721,De 18 a 29 anos,Hombre,Fallecido,1,1,0,2
2722,De 18 a 29 anos,Hombre,Fallecido,1,1,0,2
2723,De 18 a 29 anos,Hombre,Fallecido,1,1,0,2
2724,De 18 a 29 anos,Hombre,Fallecido,1,1,0,2
2725,De 18 a 29 anos,Hombre,Fallecido,1,1,0,2
2726,De 18 a 29 anos,Hombre,Fallecido,1,1,0,2
2727,De 18 a 29 anos,Hombre,Fallecido,1,1,0,2
2728,De 18 a 29 anos,Hombre,Fallecido,1,1,0,2
2729,De 18 a 29 anos,Hombre,Fallecido,1,1,0,2
2730,De 18 a 29 anos,Hombre,Fallecido,1,1,0,2
2731,De 18 a 29 anos,Hombre,Fallecido,1,1,0,2
2732,De 18 a 29 anos,Hombre,Fallecido,1,1,0,2
2733,De 18 a 29 anos,Hombre,Fallecido,1,1,0,2
2734,De 18 a 29 anos,Hombre,Fallecido,1,1,0,2
2735,De 18 a 29 anos,Hombre,Fallecido,1,1,0,2
2736,De 18 a 29 anos,Hombre,Fallecido,1,1,0,2
2737,De 18 a 29 anos,Hombre,Fallecido,1,1,0,2
2738,De 18 a 29 anos,Hombre,Fallecido,1,1,0,2
2739,De 18 a 29 anos,Hombre,Fallecido,1,1,0,2
2740,De 18 a 29 anos,Hombre,Fallecido,1,1,0,2
2741,De 18 a 29 anos,Hombre,Fallecido,1,1,0,2
2742,De 18 a 29 anos,Hombre,Fallecido,1,1,0,2
2743,De 18 a 29 anos,Hombre,Fallecido,1,1,0,2
2744,De 18 a 29 anos,Hombre,Fallecido,1,1,0,2
2745,De 18 a 29 anos,Hombre,Fallecido,1,1,0,2
2746,De 18 a 29 anos,Hombre,Fallecido,1,1,0,2
2747,De 18 a 29 anos,Hombre,Fallecido,1,1,0,2
2748,De 18 a 29 anos,Hombre,Fallecido,1,1,0,2
2749,De 18 a 29 anos,Hombre,Fallecido,1,1,0,2
2750,De 18 a 29 anos,Hombre,Fallecido,1,1,0,2
2751,De 18 a 29 anos,Hombre,Fallecido,1,1,0,2
2752,De 18 a 29 anos,Hombre,Fallecido,1,1,0,2
2753,De 18 a 29 anos,Hombre,Fallecido,1,1,0,2
2754,De 18 a 29 anos,Hombre,Fallecido,1,1,0,2
2755,De 18 a 29 anos,Hombre,Fallecido,1,1,0,2
2756,De 18 a 29 anos,Hombre,Fallecido,1,1,0,2
2757,De 18 a 29 anos,Hombre,Fallecido,1,1,0,2
2758,De 18 a 29 anos,Hombre,Fallecido,1,1,0,2
2759,De 18 a 29 anos,Hombre,Fallecido,1,1,0,2
2760,De 18 a 29 anos,Hombre,Fallecido,1,1,0,2
2761,De 18 a 29 anos,Hombre,Fallecido,1,1,0,2
2762,De 18 a 29 anos,Hombre,Fallecido,1,1,0,2
2763,De 18 a 29 anos,Hombre,Fallecido,1,1,0,2
2764,De 18 a 29 anos,Hombre,Fallecido,1,1,0,2
2765,De 18 a 29 anos,Hombre,Fallecido,1,1,0,2
2766,De 18 a 29 anos,Hombre,Fallecido,1,1,0,2
2767,De 18 a 29 anos,Hombre,Fallecido,1,1,0,2
2768,De 18 a 29 anos,Hombre,Fallecido,1,1,0,2
2769,De 18 a 29 anos,Hombre,Fallecido,1,1,0,2
2770,De 18 a 29 anos,Hombre,Fallecido,1,1,0,2
2771,De 18 a 29 anos,Hombre,Fallecido,1,1,0,2
2772,De 18 a 29 anos,Hombre,Fallecido,1,1,0,2
2773,De 18 a 29 anos,Hombre,Fallecido,1,1,0,2
2774,De 18 a 29 anos,Hombre,Fallecido,1,1,0,2
2775,De 18 a 29 anos,Hombre,Fallecido,1,1,0,2
2776,De 18 a 29 anos,Hombre,Fallecido,1,1,0,2
2777,De 18 a 29 anos,Hombre,Fallecido,1,1,0,2
2778,De 18 a 29 anos,Hombre,Fallecido,1,1,0,2
2779,De 18 a 29 anos,Hombre,Fallecido,1,1,0,2
2780,De 18 a 29 anos,Hombre,Fallecido,1,1,0,2
2781,De 18 a 29 anos,Hombre,Fallecido,1,1,0,2
2782,De 18 a 29 anos,Hombre,Fallecido,1,1,0,2
2783,De 18 a 29 anos,Hombre,Fallecido,1,1,0,2
2784,De 18 a 29 anos,Hombre,Fallecido,1,1,0,2
2785,De 18 a 29 anos,Hombre,Fallecido,1,1,0,2
2786,De 18 a 29 anos,Hombre,Fallecido,1,1,0,2
2787,De 18 a 29 anos,Hombre,Fallecido,1,1,0,2
2788,De 18 a 29 anos,Hombre,Fallecido,1,1,0,2
2789,De 18 a 29 anos,Hombre,Fallecido,1,1,0,2
2790,De 18 a 29 anos,Hombre,Fallecido,1,1,0,2
2791,De 18 a 29 anos,Hombre,Fallecido,1,1,0,2
2792,De 18 a 29 anos,Hombre,Fallecido,1,1,0,2
2793,De 18 a 29 anos,Hombre,Fallecido,1,1,0,2
2794,De 18 a 29 anos,Hombre,Fallecido,1,1,0,2
2795,De 18 a 29 anos,Hombre,Fallecido,1,1,0,2
2796,De 18 a 29 anos,Hombre,Fallecido,1,1,0,2
2797,De 18 a 29 anos,Hombre,Fallecido,1,1,0,2
2798,De 18 a 29 anos,Hombre,Fallecido,1,1,0,2
2799,De 18 a 29 anos,Hombre,Fallecido,1,1,0,2
2800,De 18 a 29 anos,Hombre,Fallecido,1,1,0,2
2801,De 18 a 29 anos,Hombre,Fallecido,1,1,0,2
2802,De 18 a 29 anos,Hombre,Fallecido,1,1,0,2
2803,De 18 a 29 anos,Hombre,Fallecido,1,1,0,2
2804,De 18 a 29 anos,Hombre,Fallecido,1,1,0,2
2805,De 18 a 29 anos,Hombre,Fallecido,1,1,0,2
2806,De 18 a 29 anos,Hombre,Fallecido,1,1,0,2
2807,De 18 a 29 anos,Hombre,Fallecido,1,1,0,2
2808,De 18 a 29 anos,Hombre,Fallecido,1,1,0,2
2809,De 18 a 29 anos,Hombre,Fallecido,1,1,0,2
2810,De 18 a 29 anos,Hombre,Fallecido,1,1,0,2
2811,De 18 a 29 anos,Hombre,Fallecido,1,1,0,2
2812,De 18 a 29 anos,Hombre,Fallecido,1,1,0,2
2813,De 18 a 29 anos,Hombre,Fallecido,1,1,0,2
2814,De 18 a 29 anos,Hombre,Fallecido,1,1,0,2
2815,De 18 a 29 anos,Hombre,Fallecido,1,1,0,2
2816,De 18 a 29 anos,Hombre,Fallecido,1,1,0,2
2817,De 18 a 29 anos,Hombre,Fallecido,1,1,0,2
2818,De 18 a 29 anos,Hombre,Fallecido,1,1,0,2
2819,De 18 a 29 anos,Hombre,Fallecido,1,1,0,2
2820,De 18 a 29 anos,Hombre,Fallecido,1,1,0,2
2821,De 18 a 29 anos,Hombre,Fallecido,1,1,0,2
2822,De 18 a 29 anos,Hombre,Fallecido,1,1,0,2
2823,De 18 a 29 anos,Hombre,Fallecido,1,1,0,2
2824,De 18 a 29 anos,Hombre,Fallecido,1,1,0,2
2825,De 18 a 29 anos,Hombre,Fallecido,1,1,0,2
2826,De 18 a 29 anos,Hombre,Fallecido,1,1,0,2
2827,De 18 a 29 anos,Hombre,Fallecido,1,1,0,2
2828,De 18 a 29 anos,Hombre,Fallecido,1,1,0,2
2829,De 18 a 29 anos,Hombre,Fallecido,1,1,0,2
2830,De 18 a 29 anos,Hombre,Fallecido,1,1,0,2
2831,De 18 a 29 anos,Hombre,Fallecido,1,1,0,2
2832,De 18 a 29 anos,Hombre,Fallecido,1,1,0,2
2833,De 18 a 29 anos,Hombre,Fallecido,1,1,0,2
2834,De 18 a 29 anos,Hombre,Fallecido,1,1,0,2
2835,De 18 a 29 anos,Hombre,Fallecido,1,1,0,2
2836,De 18 a 29 anos,Hombre,Fallecido,1,1,0,2
2837,De 18 a 29 anos,Hombre,Fallecido,1,1,0,2
2838,De 18 a 29 anos,Hombre,Fallecido,1,1,0,2
2839,De 18 a 29 anos,Hombre,Fallecido,1,1,0,2
2840,De 18 a 29 anos,Hombre,Fallecido,1,1,0,2
2841,De 18 a 29 anos,Hombre,Fallecido,1,1,0,2
2842,De 18 a 29 anos,Hombre,Fallecido,1,1,0,2
2843,De 18 a 29 anos,Hombre,Fallecido,1,1,0,2
2844,De 18 a 29 anos,Hombre,Fallecido,1,1,0,2
2845,De 18 a 29 anos,Hombre,Fallecido,1,1,0,2
2846,De 18 a 29 anos,Hombre,Fallecido,1,1,0,2
2847,De 18 a 29 anos,Hombre,Fallecido,1,1,0,2
2848,De 18 a 29 anos,Hombre,Fallecido,1,1,0,2
2849,De 18 a 29 anos,Hombre,Fallecido,1,1,0,2
2850,De 18 a 29 anos,Hombre,Fallecido,1,1,0,2
2851,De 18 a 29 anos,Hombre,Fallecido,1,1,0,2
2852,De 18 a 29 anos,Hombre,Fallecido,1,1,0,2
2853,De 18 a 29 anos,Hombre,Fallecido,1,1,0,2
2854,De 18 a 29 anos,Hombre,Fallecido,1,1,0,2
2855,De 18 a 29 anos,Hombre,Fallecido,1,1,0,2
2856,De 18 a 29 anos,Hombre,Fallecido,1,1,0,2
2857,De 18 a 29 anos,Hombre,Fallecido,1,1,0,2
2858,De 18 a 29 anos,Hombre,Fallecido,1,1,0,2
2859,De 18 a 29 anos,Mujer,Fallecido,1,0,0,2
2860,De 18 a 29 anos,Mujer,Fallecido,1,0,0,2
2861,De 18 a 29 anos,Mujer,Fallecido,1,0,0,2
2862,De 18 a 29 anos,Mujer,Fallecido,1,0,0,2
2863,De 18 a 29 anos,Mujer,Fallecido,1,0,0,2
2864,De 18 a 29 anos,Mujer,Fallecido,1,0,0,2
2865,De 18 a 29 anos,Mujer,Fallecido,1,0,0,2
2866,De 18 a 29 anos,Mujer,Fallecido,1,0,0,2
2867,De 18 a 29 anos,Mujer,Fallecido,1,0,0,2
2868,De 18 a 29 anos,Mujer,Fallecido,1,0,0,2
2869,De 18 a 29 anos,Mujer,Fallecido,1,0,0,2
2870,De 18 a 29 anos,Mujer,Fallecido,1,0,0,2
2871,De 18 a 29 anos,Mujer,Fallecido,1,0,0,2
2872,De 18 a 29 anos,Mujer,Fallecido,1,0,0,2
2873,De 18 a 29 anos,Mujer,Fallecido,1,0,0,2
2874,De 18 a 29 anos,Mujer,Fallecido,1,0,0,2
2875,De 18 a 29 anos,Mujer,Fallecido,1,0,0,2
2876,De 18 a 29 anos,Mujer,Fallecido,1,0,0,2
2877,De 18 a 29 anos,Mujer,Fallecido,1,0,0,2
2878,De 18 a 29 anos,Mujer,Fallecido,1,0,0,2
2879,De 18 a 29 anos,Mujer,Fallecido,1,0,0,2
2880,De 18 a 29 anos,Mujer,Fallecido,1,0,0,2
2881,De 18 a 29 anos,Mujer,Fallecido,1,0,0,2
2882,De 18 a 29 anos,Mujer,Fallecido,1,0,0,2
2883,De 18 a 29 anos,Mujer,Fallecido,1,0,0,2
2884,De 18 a 29 anos,Mujer,Fallecido,1,0,0,2
2885,De 18 a 29 anos,Mujer,Fallecido,1,0,0,2
2886,De 18 a 29 anos,Mujer,Fallecido,1,0,0,2
2887,De 18 a 29 anos,Mujer,Fallecido,1,0,0,2
2888,De 18 a 29 anos,Mujer,Fallecido,1,0,0,2
2889,De 18 a 29 anos,Mujer,Fallecido,1,0,0,2
2890,De 18 a 29 anos,Mujer,Fallecido,1,0,0,2
2891,De 18 a 29 anos,Mujer,Fallecido,1,0,0,2
2892,De 18 a 29 anos,Mujer,Fallecido,1,0,0,2
2893,De 18 a 29 anos,Mujer,Fallecido,1,0,0,2
2894,De 18 a 29 anos,Mujer,Fallecido,1,0,0,2
2895,De 18 a 29 anos,Mujer,Fallecido,1,0,0,2
2896,De 18 a 29 anos,Mujer,Fallecido,1,0,0,2
2897,De 18 a 29 anos,Mujer,Fallecido,1,0,0,2
2898,De 18 a 29 anos,Mujer,Fallecido,1,0,0,2
2899,De 30 a 39 anos,Hombre,Herido,0,1,0,3
2900,De 30 a 39 anos,Hombre,Herido,0,1,0,3
2901,De 30 a 39 anos,Hombre,Herido,0,1,0,3
2902,De 30 a 39 anos,Hombre,Herido,0,1,0,3
2903,De 30 a 39 anos,Hombre,Herido,0,1,0,3
2904,De 30 a 39 anos,Hombre,Herido,0,1,0,3
2905,De 30 a 39 anos,Hombre,Herido,0,1,0,3
2906,De 30 a 39 anos,Hombre,Herido,0,1,0,3
2907,De 30 a 39 anos,Hombre,Herido,0,1,0,3
2908,De 30 a 39 anos,Hombre,Herido,0,1,0,3
2909,De 30 a 39 anos,Hombre,Herido,0,1,0,3
2910,De 30 a 39 anos,Hombre,Herido,0,1,0,3
2911,De 30 a 39 anos,Hombre,Herido,0,1,0,3
2912,De 30 a 39 anos,Hombre,Herido,0,1,0,3
2913,De 30 a 39 anos,Hombre,Herido,0,1,0,3
2914,De 30 a 39 anos,Hombre,Herido,0,1,0,3
2915,De 30 a 39 anos,Hombre,Herido,0,1,0,3
2916,De 30 a 39 anos,Hombre,Herido,0,1,0,3
2917,De 30 a 39 anos,Hombre,Herido,0,1,0,3
2918,De 30 a 39 anos,Hombre,Herido,0,1,0,3
2919,De 30 a 39 anos,Hombre,Herido,0,1,0,3
2920,De 30 a 39 anos,Hombre,Herido,0,1,0,3
2921,De 30 a 39 anos,Hombre,Herido,0,1,0,3
2922,De 30 a 39 anos,Hombre,Herido,0,1,0,3
2923,De 30 a 39 anos,Hombre,Herido,0,1,0,3
2924,De 30 a 39 anos,Hombre,Herido,0,1,0,3
2925,De 30 a 39 anos,Hombre,Herido,0,1,0,3
2926,De 30 a 39 anos,Hombre,Herido,0,1,0,3
2927,De 30 a 39 anos,Hombre,Herido,0,1,0,3
2928,De 30 a 39 anos,Hombre,Herido,0,1,0,3
2929,De 30 a 39 anos,Hombre,Herido,0,1,0,3
2930,De 30 a 39 anos,Hombre,Herido,0,1,0,3
2931,De 30 a 39 anos,Hombre,Herido,0,1,0,3
2932,De 30 a 39 anos,Hombre,Herido,0,1,0,3
2933,De 30 a 39 anos,Hombre,Herido,0,1,0,3
2934,De 30 a 39 anos,Hombre,Herido,0,1,0,3
2935,De 30 a 39 anos,Hombre,Herido,0,1,0,3
2936,De 30 a 39 anos,Hombre,Herido,0,1,0,3
2937,De 30 a 39 anos,Hombre,Herido,0,1,0,3
2938,De 30 a 39 anos,Hombre,Herido,0,1,0,3
2939,De 30 a 39 anos,Hombre,Herido,0,1,0,3
2940,De 30 a 39 anos,Hombre,Herido,0,1,0,3
2941,De 30 a 39 anos,Hombre,Herido,0,1,0,3
2942,De 30 a 39 anos,Hombre,Herido,0,1,0,3
2943,De 30 a 39 anos,Hombre,Herido,0,1,0,3
2944,De 30 a 39 anos,Hombre,Herido,0,1,0,3
2945,De 30 a 39 anos,Hombre,Herido,0,1,0,3
2946,De 30 a 39 anos,Hombre,Herido,0,1,0,3
2947,De 30 a 39 anos,Hombre,Herido,0,1,0,3
2948,De 30 a 39 anos,Hombre,Herido,0,1,0,3
2949,De 30 a 39 anos,Hombre,Herido,0,1,0,3
2950,De 30 a 39 anos,Hombre,Herido,0,1,0,3
2951,De 30 a 39 anos,Hombre,Herido,0,1,0,3
2952,De 30 a 39 anos,Hombre,Herido,0,1,0,3
2953,De 30 a 39 anos,Hombre,Herido,0,1,0,3
2954,De 30 a 39 anos,Hombre,Herido,0,1,0,3
2955,De 30 a 39 anos,Hombre,Herido,0,1,0,3
2956,De 30 a 39 anos,Hombre,Herido,0,1,0,3
2957,De 30 a 39 anos,Hombre,Herido,0,1,0,3
2958,De 30 a 39 anos,Hombre,Herido,0,1,0,3
2959,De 30 a 39 anos,Hombre,Herido,0,1,0,3
2960,De 30 a 39 anos,Hombre,Herido,0,1,0,3
2961,De 30 a 39 anos,Hombre,Herido,0,1,0,3
2962,De 30 a 39 anos,Hombre,Herido,0,1,0,3
2963,De 30 a 39 anos,Hombre,Herido,0,1,0,3
2964,De 30 a 39 anos,Hombre,Herido,0,1,0,3
2965,De 30 a 39 anos,Hombre,Herido,0,1,0,3
2966,De 30 a 39 anos,Hombre,Herido,0,1,0,3
2967,De 30 a 39 anos,Hombre,Herido,0,1,0,3
2968,De 30 a 39 anos,Hombre,Herido,0,1,0,3
2969,De 30 a 39 anos,Hombre,Herido,0,1,0,3
2970,De 30 a 39 anos,Hombre,Herido,0,1,0,3
2971,De 30 a 39 anos,Hombre,Herido,0,1,0,3
2972,De 30 a 39 anos,Hombre,Herido,0,1,0,3
2973,De 30 a 39 anos,Hombre,Herido,0,1,0,3
2974,De 30 a 39 anos,Hombre,Herido,0,1,0,3
2975,De 30 a 39 anos,Hombre,Herido,0,1,0,3
2976,De 30 a 39 anos,Hombre,Herido,0,1,0,3
2977,De 30 a 39 anos,Hombre,Herido,0,1,0,3
2978,De 30 a 39 anos,Hombre,Herido,0,1,0,3
2979,De 30 a 39 anos,Hombre,Herido,0,1,0,3
2980,De 30 a 39 anos,Hombre,Herido,0,1,0,3
2981,De 30 a 39 anos,Hombre,Herido,0,1,0,3
2982,De 30 a 39 anos,Hombre,Herido,0,1,0,3
2983,De 30 a 39 anos,Hombre,Herido,0,1,0,3
2984,De 30 a 39 anos,Hombre,Herido,0,1,0,3
2985,De 30 a 39 anos,Hombre,Herido,0,1,0,3
2986,De 30 a 39 anos,Hombre,Herido,0,1,0,3
2987,De 30 a 39 anos,Hombre,Herido,0,1,0,3
2988,De 30 a 39 anos,Hombre,Herido,0,1,0,3
2989,De 30 a 39 anos,Hombre,Herido,0,1,0,3
2990,De 30 a 39 anos,Hombre,Herido,0,1,0,3
2991,De 30 a 39 anos,Hombre,Herido,0,1,0,3
2992,De 30 a 39 anos,Hombre,Herido,0,1,0,3
2993,De 30 a 39 anos,Hombre,Herido,0,1,0,3
2994,De 30 a 39 anos,Hombre,Herido,0,1,0,3
2995,De 30 a 39 anos,Hombre,Herido,0,1,0,3
2996,De 30 a 39 anos,Hombre,Herido,0,1,0,3
2997,De 30 a 39 anos,Hombre,Herido,0,1,0,3
2998,De 30 a 39 anos,Hombre,Herido,0,1,0,3
2999,De 30 a 39 anos,Hombre,Herido,0,1,0,3
3000,De 30 a 39 anos,Hombre,Herido,0,1,0,3
3001,De 30 a 39 anos,Hombre,Herido,0,1,0,3
3002,De 30 a 39 anos,Hombre,Herido,0,1,0,3
3003,De 30 a 39 anos,Hombre,Herido,0,1,0,3
3004,De 30 a 39 anos,Hombre,Herido,0,1,0,3
3005,De 30 a 39 anos,Hombre,Herido,0,1,0,3
3006,De 30 a 39 anos,Hombre,Herido,0,1,0,3
3007,De 30 a 39 anos,Hombre,Herido,0,1,0,3
3008,De 30 a 39 anos,Hombre,Herido,0,1,0,3
3009,De 30 a 39 anos,Hombre,Herido,0,1,0,3
3010,De 30 a 39 anos,Hombre,Herido,0,1,0,3
3011,De 30 a 39 anos,Hombre,Herido,0,1,0,3
3012,De 30 a 39 anos,Hombre,Herido,0,1,0,3
3013,De 30 a 39 anos,Hombre,Herido,0,1,0,3
3014,De 30 a 39 anos,Hombre,Herido,0,1,0,3
3015,De 30 a 39 anos,Hombre,Herido,0,1,0,3
3016,De 30 a 39 anos,Hombre,Herido,0,1,0,3
3017,De 30 a 39 anos,Hombre,Herido,0,1,0,3
3018,De 30 a 39 anos,Hombre,Herido,0,1,0,3
3019,De 30 a 39 anos,Hombre,Herido,0,1,0,3
3020,De 30 a 39 anos,Hombre,Herido,0,1,0,3
3021,De 30 a 39 anos,Hombre,Herido,0,1,0,3
3022,De 30 a 39 anos,Hombre,Herido,0,1,0,3
3023,De 30 a 39 anos,Hombre,Herido,0,1,0,3
3024,De 30 a 39 anos,Hombre,Herido,0,1,0,3
3025,De 30 a 39 anos,Hombre,Herido,0,1,0,3
3026,De 30 a 39 anos,Hombre,Herido,0,1,0,3
3027,De 30 a 39 anos,Hombre,Herido,0,1,0,3
3028,De 30 a 39 anos,Hombre,Herido,0,1,0,3
3029,De 30 a 39 anos,Hombre,Herido,0,1,0,3
3030,De 30 a 39 anos,Hombre,Herido,0,1,0,3
3031,De 30 a 39 anos,Hombre,Herido,0,1,0,3
3032,De 30 a 39 anos,Hombre,Herido,0,1,0,3
3033,De 30 a 39 anos,Hombre,Herido,0,1,0,3
3034,De 30 a 39 anos,Hombre,Herido,0,1,0,3
3035,De 30 a 39 anos,Hombre,Herido,0,1,0,3
3036,De 30 a 39 anos,Hombre,Herido,0,1,0,3
3037,De 30 a 39 anos,Hombre,Herido,0,1,0,3
3038,De 30 a 39 anos,Hombre,Herido,0,1,0,3
3039,De 30 a 39 anos,Hombre,Herido,0,1,0,3
3040,De 30 a 39 anos,Hombre,Herido,0,1,0,3
3041,De 30 a 39 anos,Hombre,Herido,0,1,0,3
3042,De 30 a 39 anos,Hombre,Herido,0,1,0,3
3043,De 30 a 39 anos,Hombre,Herido,0,1,0,3
3044,De 30 a 39 anos,Hombre,Herido,0,1,0,3
3045,De 30 a 39 anos,Hombre,Herido,0,1,0,3
3046,De 30 a 39 anos,Hombre,Herido,0,1,0,3
3047,De 30 a 39 anos,Hombre,Herido,0,1,0,3
3048,De 30 a 39 anos,Hombre,Herido,0,1,0,3
3049,De 30 a 39 anos,Hombre,Herido,0,1,0,3
3050,De 30 a 39 anos,Hombre,Herido,0,1,0,3
3051,De 30 a 39 anos,Hombre,Herido,0,1,0,3
3052,De 30 a 39 anos,Hombre,Herido,0,1,0,3
3053,De 30 a 39 anos,Hombre,Herido,0,1,0,3
3054,De 30 a 39 anos,Hombre,Herido,0,1,0,3
3055,De 30 a 39 anos,Hombre,Herido,0,1,0,3
3056,De 30 a 39 anos,Hombre,Herido,0,1,0,3
3057,De 30 a 39 anos,Hombre,Herido,0,1,0,3
3058,De 30 a 39 anos,Hombre,Herido,0,1,0,3
3059,De 30 a 39 anos,Hombre,Herido,0,1,0,3
3060,De 30 a 39 anos,Hombre,Herido,0,1,0,3
3061,De 30 a 39 anos,Hombre,Herido,0,1,0,3
3062,De 30 a 39 anos,Hombre,Herido,0,1,0,3
3063,De 30 a 39 anos,Hombre,Herido,0,1,0,3
3064,De 30 a 39 anos,Hombre,Herido,0,1,0,3
3065,De 30 a 39 anos,Hombre,Herido,0,1,0,3
3066,De 30 a 39 anos,Hombre,Herido,0,1,0,3
3067,De 30 a 39 anos,Hombre,Herido,0,1,0,3
3068,De 30 a 39 anos,Hombre,Herido,0,1,0,3
3069,De 30 a 39 anos,Hombre,Herido,0,1,0,3
3070,De 30 a 39 anos,Hombre,Herido,0,1,0,3
3071,De 30 a 39 anos,Hombre,Herido,0,1,0,3
3072,De 30 a 39 anos,Hombre,Herido,0,1,0,3
3073,De 30 a 39 anos,Hombre,Herido,0,1,0,3
3074,De 30 a 39 anos,Hombre,Herido,0,1,0,3
3075,De 30 a 39 anos,Hombre,Herido,0,1,0,3
3076,De 30 a 39 anos,Hombre,Herido,0,1,0,3
3077,De 30 a 39 anos,Hombre,Herido,0,1,0,3
3078,De 30 a 39 anos,Hombre,Herido,0,1,0,3
3079,De 30 a 39 anos,Hombre,Herido,0,1,0,3
3080,De 30 a 39 anos,Hombre,Herido,0,1,0,3
3081,De 30 a 39 anos,Hombre,Herido,0,1,0,3
3082,De 30 a 39 anos,Hombre,Herido,0,1,0,3
3083,De 30 a 39 anos,Hombre,Herido,0,1,0,3
3084,De 30 a 39 anos,Hombre,Herido,0,1,0,3
3085,De 30 a 39 anos,Hombre,Herido,0,1,0,3
3086,De 30 a 39 anos,Hombre,Herido,0,1,0,3
3087,De 30 a 39 anos,Hombre,Herido,0,1,0,3
3088,De 30 a 39 anos,Hombre,Herido,0,1,0,3
3089,De 30 a 39 anos,Hombre,Herido,0,1,0,3
3090,De 30 a 39 anos,Hombre,Herido,0,1,0,3
3091,De 30 a 39 anos,Hombre,Herido,0,1,0,3
3092,De 30 a 39 anos,Hombre,Herido,0,1,0,3
3093,De 30 a 39 anos,Hombre,Herido,0,1,0,3
3094,De 30 a 39 anos,Hombre,Herido,0,1,0,3
3095,De 30 a 39 anos,Hombre,Herido,0,1,0,3
3096,De 30 a 39 anos,Hombre,Herido,0,1,0,3
3097,De 30 a 39 anos,Hombre,Herido,0,1,0,3
3098,De 30 a 39 anos,Hombre,Herido,0,1,0,3
3099,De 30 a 39 anos,Hombre,Herido,0,1,0,3
3100,De 30 a 39 anos,Hombre,Herido,0,1,0,3
3101,De 30 a 39 anos,Hombre,Herido,0,1,0,3
3102,De 30 a 39 anos,Hombre,Herido,0,1,0,3
3103,De 30 a 39 anos,Hombre,Herido,0,1,0,3
3104,De 30 a 39 anos,Hombre,Herido,0,1,0,3
3105,De 30 a 39 anos,Hombre,Herido,0,1,0,3
3106,De 30 a 39 anos,Hombre,Herido,0,1,0,3
3107,De 30 a 39 anos,Hombre,Herido,0,1,0,3
3108,De 30 a 39 anos,Hombre,Herido,0,1,0,3
3109,De 30 a 39 anos,Hombre,Herido,0,1,0,3
3110,De 30 a 39 anos,Hombre,Herido,0,1,0,3
3111,De 30 a 39 anos,Hombre,Herido,0,1,0,3
3112,De 30 a 39 anos,Hombre,Herido,0,1,0,3
3113,De 30 a 39 anos,Hombre,Herido,0,1,0,3
3114,De 30 a 39 anos,Hombre,Herido,0,1,0,3
3115,De 30 a 39 anos,Hombre,Herido,0,1,0,3
3116,De 30 a 39 anos,Hombre,Herido,0,1,0,3
3117,De 30 a 39 anos,Hombre,Herido,0,1,0,3
3118,De 30 a 39 anos,Hombre,Herido,0,1,0,3
3119,De 30 a 39 anos,Hombre,Herido,0,1,0,3
3120,De 30 a 39 anos,Hombre,Herido,0,1,0,3
3121,De 30 a 39 anos,Hombre,Herido,0,1,0,3
3122,De 30 a 39 anos,Hombre,Herido,0,1,0,3
3123,De 30 a 39 anos,Hombre,Herido,0,1,0,3
3124,De 30 a 39 anos,Hombre,Herido,0,1,0,3
3125,De 30 a 39 anos,Hombre,Herido,0,1,0,3
3126,De 30 a 39 anos,Hombre,Herido,0,1,0,3
3127,De 30 a 39 anos,Hombre,Herido,0,1,0,3
3128,De 30 a 39 anos,Hombre,Herido,0,1,0,3
3129,De 30 a 39 anos,Hombre,Herido,0,1,0,3
3130,De 30 a 39 anos,Hombre,Herido,0,1,0,3
3131,De 30 a 39 anos,Hombre,Herido,0,1,0,3
3132,De 30 a 39 anos,Hombre,Herido,0,1,0,3
3133,De 30 a 39 anos,Hombre,Herido,0,1,0,3
3134,De 30 a 39 anos,Hombre,Herido,0,1,0,3
3135,De 30 a 39 anos,Hombre,Herido,0,1,0,3
3136,De 30 a 39 anos,Hombre,Herido,0,1,0,3
3137,De 30 a 39 anos,Hombre,Herido,0,1,0,3
3138,De 30 a 39 anos,Hombre,Herido,0,1,0,3
3139,De 30 a 39 anos,Hombre,Herido,0,1,0,3
3140,De 30 a 39 anos,Hombre,Herido,0,1,0,3
3141,De 30 a 39 anos,Hombre,Herido,0,1,0,3
3142,De 30 a 39 anos,Hombre,Herido,0,1,0,3
3143,De 30 a 39 anos,Hombre,Herido,0,1,0,3
3144,De 30 a 39 anos,Hombre,Herido,0,1,0,3
3145,De 30 a 39 anos,Hombre,Herido,0,1,0,3
3146,De 30 a 39 anos,Hombre,Herido,0,1,0,3
3147,De 30 a 39 anos,Hombre,Herido,0,1,0,3
3148,De 30 a 39 anos,Hombre,Herido,0,1,0,3
3149,De 30 a 39 anos,Hombre,Herido,0,1,0,3
3150,De 30 a 39 anos,Hombre,Herido,0,1,0,3
3151,De 30 a 39 anos,Hombre,Herido,0,1,0,3
3152,De 30 a 39 anos,Hombre,Herido,0,1,0,3
3153,De 30 a 39 anos,Hombre,Herido,0,1,0,3
3154,De 30 a 39 anos,Hombre,Herido,0,1,0,3
3155,De 30 a 39 anos,Hombre,Herido,0,1,0,3
3156,De 30 a 39 anos,Hombre,Herido,0,1,0,3
3157,De 30 a 39 anos,Hombre,Herido,0,1,0,3
3158,De 30 a 39 anos,Hombre,Herido,0,1,0,3
3159,De 30 a 39 anos,Hombre,Herido,0,1,0,3
3160,De 30 a 39 anos,Hombre,Herido,0,1,0,3
3161,De 30 a 39 anos,Hombre,Herido,0,1,0,3
3162,De 30 a 39 anos,Hombre,Herido,0,1,0,3
3163,De 30 a 39 anos,Hombre,Herido,0,1,0,3
3164,De 30 a 39 anos,Hombre,Herido,0,1,0,3
3165,De 30 a 39 anos,Hombre,Herido,0,1,0,3
3166,De 30 a 39 anos,Hombre,Herido,0,1,0,3
3167,De 30 a 39 anos,Hombre,Herido,0,1,0,3
3168,De 30 a 39 anos,Hombre,Herido,0,1,0,3
3169,De 30 a 39 anos,Hombre,Herido,0,1,0,3
3170,De 30 a 39 anos,Hombre,Herido,0,1,0,3
3171,De 30 a 39 anos,Hombre,Herido,0,1,0,3
3172,De 30 a 39 anos,Hombre,Herido,0,1,0,3
3173,De 30 a 39 anos,Hombre,Herido,0,1,0,3
3174,De 30 a 39 anos,Hombre,Herido,0,1,0,3
3175,De 30 a 39 anos,Hombre,Herido,0,1,0,3
3176,De 30 a 39 anos,Hombre,Herido,0,1,0,3
3177,De 30 a 39 anos,Hombre,Herido,0,1,0,3
3178,De 30 a 39 anos,Hombre,Herido,0,1,0,3
3179,De 30 a 39 anos,Hombre,Herido,0,1,0,3
3180,De 30 a 39 anos,Hombre,Herido,0,1,0,3
3181,De 30 a 39 anos,Hombre,Herido,0,1,0,3
3182,De 30 a 39 anos,Hombre,Herido,0,1,0,3
3183,De 30 a 39 anos,Hombre,Herido,0,1,0,3
3184,De 30 a 39 anos,Hombre,Herido,0,1,0,3
3185,De 30 a 39 anos,Hombre,Herido,0,1,0,3
3186,De 30 a 39 anos,Hombre,Herido,0,1,0,3
3187,De 30 a 39 anos,Hombre,Herido,0,1,0,3
3188,De 30 a 39 anos,Hombre,Herido,0,1,0,3
3189,De 30 a 39 anos,Hombre,Herido,0,1,0,3
3190,De 30 a 39 anos,Hombre,Herido,0,1,0,3
3191,De 30 a 39 anos,Hombre,Herido,0,1,0,3
3192,De 30 a 39 anos,Hombre,Herido,0,1,0,3
3193,De 30 a 39 anos,Hombre,Herido,0,1,0,3
3194,De 30 a 39 anos,Hombre,Herido,0,1,0,3
3195,De 30 a 39 anos,Hombre,Herido,0,1,0,3
3196,De 30 a 39 anos,Hombre,Herido,0,1,0,3
3197,De 30 a 39 anos,Hombre,Herido,0,1,0,3
3198,De 30 a 39 anos,Hombre,Herido,0,1,0,3
3199,De 30 a 39 anos,Hombre,Herido,0,1,0,3
3200,De 30 a 39 anos,Hombre,Herido,0,1,0,3
3201,De 30 a 39 anos,Hombre,Herido,0,1,0,3
3202,De 30 a 39 anos,Hombre,Herido,0,1,0,3
3203,De 30 a 39 anos,Hombre,Herido,0,1,0,3
3204,De 30 a 39 anos,Hombre,Herido,0,1,0,3
3205,De 30 a 39 anos,Hombre,Herido,0,1,0,3
3206,De 30 a 39 anos,Hombre,Herido,0,1,0,3
3207,De 30 a 39 anos,Hombre,Herido,0,1,0,3
3208,De 30 a 39 anos,Hombre,Herido,0,1,0,3
3209,De 30 a 39 anos,Hombre,Herido,0,1,0,3
3210,De 30 a 39 anos,Hombre,Herido,0,1,0,3
3211,De 30 a 39 anos,Hombre,Herido,0,1,0,3
3212,De 30 a 39 anos,Hombre,Herido,0,1,0,3
3213,De 30 a 39 anos,Hombre,Herido,0,1,0,3
3214,De 30 a 39 anos,Hombre,Herido,0,1,0,3
3215,De 30 a 39 anos,Hombre,Herido,0,1,0,3
3216,De 30 a 39 anos,Hombre,Herido,0,1,0,3
3217,De 30 a 39 anos,Hombre,Herido,0,1,0,3
3218,De 30 a 39 anos,Hombre,Herido,0,1,0,3
3219,De 30 a 39 anos,Hombre,Herido,0,1,0,3
3220,De 30 a 39 anos,Hombre,Herido,0,1,0,3
3221,De 30 a 39 anos,Hombre,Herido,0,1,0,3
3222,De 30 a 39 anos,Hombre,Herido,0,1,0,3
3223,De 30 a 39 anos,Hombre,Herido,0,1,0,3
3224,De 30 a 39 anos,Hombre,Herido,0,1,0,3
3225,De 30 a 39 anos,Hombre,Herido,0,1,0,3
3226,De 30 a 39 anos,Hombre,Herido,0,1,0,3
3227,De 30 a 39 anos,Hombre,Herido,0,1,0,3
3228,De 30 a 39 anos,Hombre,Herido,0,1,0,3
3229,De 30 a 39 anos,Hombre,Herido,0,1,0,3
3230,De 30 a 39 anos,Hombre,Herido,0,1,0,3
3231,De 30 a 39 anos,Hombre,Herido,0,1,0,3
3232,De 30 a 39 anos,Hombre,Herido,0,1,0,3
3233,De 30 a 39 anos,Hombre,Herido,0,1,0,3
3234,De 30 a 39 anos,Hombre,Herido,0,1,0,3
3235,De 30 a 39 anos,Hombre,Herido,0,1,0,3
3236,De 30 a 39 anos,Hombre,Herido,0,1,0,3
3237,De 30 a 39 anos,Hombre,Herido,0,1,0,3
3238,De 30 a 39 anos,Hombre,Herido,0,1,0,3
3239,De 30 a 39 anos,Hombre,Herido,0,1,0,3
3240,De 30 a 39 anos,Hombre,Herido,0,1,0,3
3241,De 30 a 39 anos,Hombre,Herido,0,1,0,3
3242,De 30 a 39 anos,Hombre,Herido,0,1,0,3
3243,De 30 a 39 anos,Hombre,Herido,0,1,0,3
3244,De 30 a 39 anos,Hombre,Herido,0,1,0,3
3245,De 30 a 39 anos,Hombre,Herido,0,1,0,3
3246,De 30 a 39 anos,Hombre,Herido,0,1,0,3
3247,De 30 a 39 anos,Hombre,Herido,0,1,0,3
3248,De 30 a 39 anos,Hombre,Herido,0,1,0,3
3249,De 30 a 39 anos,Hombre,Herido,0,1,0,3
3250,De 30 a 39 anos,Hombre,Herido,0,1,0,3
3251,De 30 a 39 anos,Hombre,Herido,0,1,0,3
3252,De 30 a 39 anos,Hombre,Herido,0,1,0,3
3253,De 30 a 39 anos,Hombre,Herido,0,1,0,3
3254,De 30 a 39 anos,Hombre,Herido,0,1,0,3
3255,De 30 a 39 anos,Hombre,Herido,0,1,0,3
3256,De 30 a 39 anos,Hombre,Herido,0,1,0,3
3257,De 30 a 39 anos,Hombre,Herido,0,1,0,3
3258,De 30 a 39 anos,Hombre,Herido,0,1,0,3
3259,De 30 a 39 anos,Hombre,Herido,0,1,0,3
3260,De 30 a 39 anos,Hombre,Herido,0,1,0,3
3261,De 30 a 39 anos,Hombre,Herido,0,1,0,3
3262,De 30 a 39 anos,Hombre,Herido,0,1,0,3
3263,De 30 a 39 anos,Hombre,Herido,0,1,0,3
3264,De 30 a 39 anos,Hombre,Herido,0,1,0,3
3265,De 30 a 39 anos,Hombre,Herido,0,1,0,3
3266,De 30 a 39 anos,Hombre,Herido,0,1,0,3
3267,De 30 a 39 anos,Hombre,Herido,0,1,0,3
3268,De 30 a 39 anos,Hombre,Herido,0,1,0,3
3269,De 30 a 39 anos,Hombre,Herido,0,1,0,3
3270,De 30 a 39 anos,Hombre,Herido,0,1,0,3
3271,De 30 a 39 anos,Hombre,Herido,0,1,0,3
3272,De 30 a 39 anos,Hombre,Herido,0,1,0,3
3273,De 30 a 39 anos,Hombre,Herido,0,1,0,3
3274,De 30 a 39 anos,Hombre,Herido,0,1,0,3
3275,De 30 a 39 anos,Hombre,Herido,0,1,0,3
3276,De 30 a 39 anos,Hombre,Herido,0,1,0,3
3277,De 30 a 39 anos,Hombre,Herido,0,1,0,3
3278,De 30 a 39 anos,Hombre,Herido,0,1,0,3
3279,De 30 a 39 anos,Hombre,Herido,0,1,0,3
3280,De 30 a 39 anos,Hombre,Herido,0,1,0,3
3281,De 30 a 39 anos,Hombre,Herido,0,1,0,3
3282,De 30 a 39 anos,Hombre,Herido,0,1,0,3
3283,De 30 a 39 anos,Hombre,Herido,0,1,0,3
3284,De 30 a 39 anos,Hombre,Herido,0,1,0,3
3285,De 30 a 39 anos,Hombre,Herido,0,1,0,3
3286,De 30 a 39 anos,Hombre,Herido,0,1,0,3
3287,De 30 a 39 anos,Hombre,Herido,0,1,0,3
3288,De 30 a 39 anos,Hombre,Herido,0,1,0,3
3289,De 30 a 39 anos,Hombre,Herido,0,1,0,3
3290,De 30 a 39 anos,Hombre,Herido,0,1,0,3
3291,De 30 a 39 anos,Hombre,Herido,0,1,0,3
3292,De 30 a 39 anos,Hombre,Herido,0,1,0,3
3293,De 30 a 39 anos,Hombre,Herido,0,1,0,3
3294,De 30 a 39 anos,Hombre,Herido,0,1,0,3
3295,De 30 a 39 anos,Hombre,Herido,0,1,0,3
3296,De 30 a 39 anos,Hombre,Herido,0,1,0,3
3297,De 30 a 39 anos,Hombre,Herido,0,1,0,3
3298,De 30 a 39 anos,Hombre,Herido,0,1,0,3
3299,De 30 a 39 anos,Hombre,Herido,0,1,0,3
3300,De 30 a 39 anos,Hombre,Herido,0,1,0,3
3301,De 30 a 39 anos,Hombre,Herido,0,1,0,3
3302,De 30 a 39 anos,Hombre,Herido,0,1,0,3
3303,De 30 a 39 anos,Hombre,Herido,0,1,0,3
3304,De 30 a 39 anos,Hombre,Herido,0,1,0,3
3305,De 30 a 39 anos,Hombre,Herido,0,1,0,3
3306,De 30 a 39 anos,Hombre,Herido,0,1,0,3
3307,De 30 a 39 anos,Hombre,Herido,0,1,0,3
3308,De 30 a 39 anos,Hombre,Herido,0,1,0,3
3309,De 30 a 39 anos,Hombre,Herido,0,1,0,3
3310,De 30 a 39 anos,Hombre,Herido,0,1,0,3
3311,De 30 a 39 anos,Hombre,Herido,0,1,0,3
3312,De 30 a 39 anos,Hombre,Herido,0,1,0,3
3313,De 30 a 39 anos,Hombre,Herido,0,1,0,3
3314,De 30 a 39 anos,Hombre,Herido,0,1,0,3
3315,De 30 a 39 anos,Hombre,Herido,0,1,0,3
3316,De 30 a 39 anos,Hombre,Herido,0,1,0,3
3317,De 30 a 39 anos,Hombre,Herido,0,1,0,3
3318,De 30 a 39 anos,Hombre,Herido,0,1,0,3
3319,De 30 a 39 anos,Hombre,Herido,0,1,0,3
3320,De 30 a 39 anos,Hombre,Herido,0,1,0,3
3321,De 30 a 39 anos,Hombre,Herido,0,1,0,3
3322,De 30 a 39 anos,Hombre,Herido,0,1,0,3
3323,De 30 a 39 anos,Hombre,Herido,0,1,0,3
3324,De 30 a 39 anos,Hombre,Herido,0,1,0,3
3325,De 30 a 39 anos,Hombre,Herido,0,1,0,3
3326,De 30 a 39 anos,Hombre,Herido,0,1,0,3
3327,De 30 a 39 anos,Hombre,Herido,0,1,0,3
3328,De 30 a 39 anos,Hombre,Herido,0,1,0,3
3329,De 30 a 39 anos,Hombre,Herido,0,1,0,3
3330,De 30 a 39 anos,Hombre,Herido,0,1,0,3
3331,De 30 a 39 anos,Hombre,Herido,0,1,0,3
3332,De 30 a 39 anos,Hombre,Herido,0,1,0,3
3333,De 30 a 39 anos,Hombre,Herido,0,1,0,3
3334,De 30 a 39 anos,Hombre,Herido,0,1,0,3
3335,De 30 a 39 anos,Hombre,Herido,0,1,0,3
3336,De 30 a 39 anos,Hombre,Herido,0,1,0,3
3337,De 30 a 39 anos,Hombre,Herido,0,1,0,3
3338,De 30 a 39 anos,Hombre,Herido,0,1,0,3
3339,De 30 a 39 anos,Hombre,Herido,0,1,0,3
3340,De 30 a 39 anos,Hombre,Herido,0,1,0,3
3341,De 30 a 39 anos,Hombre,Herido,0,1,0,3
3342,De 30 a 39 anos,Hombre,Herido,0,1,0,3
3343,De 30 a 39 anos,Hombre,Herido,0,1,0,3
3344,De 30 a 39 anos,Hombre,Herido,0,1,0,3
3345,De 30 a 39 anos,Hombre,Herido,0,1,0,3
3346,De 30 a 39 anos,Hombre,Herido,0,1,0,3
3347,De 30 a 39 anos,Hombre,Herido,0,1,0,3
3348,De 30 a 39 anos,Hombre,Herido,0,1,0,3
3349,De 30 a 39 anos,Hombre,Herido,0,1,0,3
3350,De 30 a 39 anos,Hombre,Herido,0,1,0,3
3351,De 30 a 39 anos,Hombre,Herido,0,1,0,3
3352,De 30 a 39 anos,Hombre,Herido,0,1,0,3
3353,De 30 a 39 anos,Hombre,Herido,0,1,0,3
3354,De 30 a 39 anos,Hombre,Herido,0,1,0,3
3355,De 30 a 39 anos,Hombre,Herido,0,1,0,3
3356,De 30 a 39 anos,Hombre,Herido,0,1,0,3
3357,De 30 a 39 anos,Hombre,Herido,0,1,0,3
3358,De 30 a 39 anos,Hombre,Herido,0,1,0,3
3359,De 30 a 39 anos,Hombre,Herido,0,1,0,3
3360,De 30 a 39 anos,Hombre,Herido,0,1,0,3
3361,De 30 a 39 anos,Hombre,Herido,0,1,0,3
3362,De 30 a 39 anos,Hombre,Herido,0,1,0,3
3363,De 30 a 39 anos,Hombre,Herido,0,1,0,3
3364,De 30 a 39 anos,Hombre,Herido,0,1,0,3
3365,De 30 a 39 anos,Hombre,Herido,0,1,0,3
3366,De 30 a 39 anos,Hombre,Herido,0,1,0,3
3367,De 30 a 39 anos,Hombre,Herido,0,1,0,3
3368,De 30 a 39 anos,Hombre,Herido,0,1,0,3
3369,De 30 a 39 anos,Hombre,Herido,0,1,0,3
3370,De 30 a 39 anos,Hombre,Herido,0,1,0,3
3371,De 30 a 39 anos,Hombre,Herido,0,1,0,3
3372,De 30 a 39 anos,Hombre,Herido,0,1,0,3
3373,De 30 a 39 anos,Hombre,Herido,0,1,0,3
3374,De 30 a 39 anos,Hombre,Herido,0,1,0,3
3375,De 30 a 39 anos,Hombre,Herido,0,1,0,3
3376,De 30 a 39 anos,Hombre,Herido,0,1,0,3
3377,De 30 a 39 anos,Hombre,Herido,0,1,0,3
3378,De 30 a 39 anos,Hombre,Herido,0,1,0,3
3379,De 30 a 39 anos,Hombre,Herido,0,1,0,3
3380,De 30 a 39 anos,Hombre,Herido,0,1,0,3
3381,De 30 a 39 anos,Hombre,Herido,0,1,0,3
3382,De 30 a 39 anos,Hombre,Herido,0,1,0,3
3383,De 30 a 39 anos,Hombre,Herido,0,1,0,3
3384,De 30 a 39 anos,Hombre,Herido,0,1,0,3
3385,De 30 a 39 anos,Hombre,Herido,0,1,0,3
3386,De 30 a 39 anos,Hombre,Herido,0,1,0,3
3387,De 30 a 39 anos,Hombre,Herido,0,1,0,3
3388,De 30 a 39 anos,Hombre,Herido,0,1,0,3
3389,De 30 a 39 anos,Hombre,Herido,0,1,0,3
3390,De 30 a 39 anos,Hombre,Herido,0,1,0,3
3391,De 30 a 39 anos,Hombre,Herido,0,1,0,3
3392,De 30 a 39 anos,Hombre,Herido,0,1,0,3
3393,De 30 a 39 anos,Hombre,Herido,0,1,0,3
3394,De 30 a 39 anos,Hombre,Herido,0,1,0,3
3395,De 30 a 39 anos,Hombre,Herido,0,1,0,3
3396,De 30 a 39 anos,Hombre,Herido,0,1,0,3
3397,De 30 a 39 anos,Hombre,Herido,0,1,0,3
3398,De 30 a 39 anos,Hombre,Herido,0,1,0,3
3399,De 30 a 39 anos,Hombre,Herido,0,1,0,3
3400,De 30 a 39 anos,Hombre,Herido,0,1,0,3
3401,De 30 a 39 anos,Hombre,Herido,0,1,0,3
3402,De 30 a 39 anos,Hombre,Herido,0,1,0,3
3403,De 30 a 39 anos,Hombre,Herido,0,1,0,3
3404,De 30 a 39 anos,Hombre,Herido,0,1,0,3
3405,De 30 a 39 anos,Hombre,Herido,0,1,0,3
3406,De 30 a 39 anos,Hombre,Herido,0,1,0,3
3407,De 30 a 39 anos,Hombre,Herido,0,1,0,3
3408,De 30 a 39 anos,Hombre,Herido,0,1,0,3
3409,De 30 a 39 anos,Hombre,Herido,0,1,0,3
3410,De 30 a 39 anos,Hombre,Herido,0,1,0,3
3411,De 30 a 39 anos,Hombre,Herido,0,1,0,3
3412,De 30 a 39 anos,Hombre,Herido,0,1,0,3
3413,De 30 a 39 anos,Hombre,Herido,0,1,0,3
3414,De 30 a 39 anos,Hombre,Herido,0,1,0,3
3415,De 30 a 39 anos,Hombre,Herido,0,1,0,3
3416,De 30 a 39 anos,Hombre,Herido,0,1,0,3
3417,De 30 a 39 anos,Hombre,Herido,0,1,0,3
3418,De 30 a 39 anos,Hombre,Herido,0,1,0,3
3419,De 30 a 39 anos,Hombre,Herido,0,1,0,3
3420,De 30 a 39 anos,Hombre,Herido,0,1,0,3
3421,De 30 a 39 anos,Hombre,Herido,0,1,0,3
3422,De 30 a 39 anos,Hombre,Herido,0,1,0,3
3423,De 30 a 39 anos,Hombre,Herido,0,1,0,3
3424,De 30 a 39 anos,Hombre,Herido,0,1,0,3
3425,De 30 a 39 anos,Hombre,Herido,0,1,0,3
3426,De 30 a 39 anos,Hombre,Herido,0,1,0,3
3427,De 30 a 39 anos,Hombre,Herido,0,1,0,3
3428,De 30 a 39 anos,Hombre,Herido,0,1,0,3
3429,De 30 a 39 anos,Hombre,Herido,0,1,0,3
3430,De 30 a 39 anos,Hombre,Herido,0,1,0,3
3431,De 30 a 39 anos,Hombre,Herido,0,1,0,3
3432,De 30 a 39 anos,Hombre,Herido,0,1,0,3
3433,De 30 a 39 anos,Hombre,Herido,0,1,0,3
3434,De 30 a 39 anos,Hombre,Herido,0,1,0,3
3435,De 30 a 39 anos,Hombre,Herido,0,1,0,3
3436,De 30 a 39 anos,Hombre,Herido,0,1,0,3
3437,De 30 a 39 anos,Hombre,Herido,0,1,0,3
3438,De 30 a 39 anos,Hombre,Herido,0,1,0,3
3439,De 30 a 39 anos,Hombre,Herido,0,1,0,3
3440,De 30 a 39 anos,Hombre,Herido,0,1,0,3
3441,De 30 a 39 anos,Hombre,Herido,0,1,0,3
3442,De 30 a 39 anos,Hombre,Herido,0,1,0,3
3443,De 30 a 39 anos,Hombre,Herido,0,1,0,3
3444,De 30 a 39 anos,Hombre,Herido,0,1,0,3
3445,De 30 a 39 anos,Hombre,Herido,0,1,0,3
3446,De 30 a 39 anos,Hombre,Herido,0,1,0,3
3447,De 30 a 39 anos,Hombre,Herido,0,1,0,3
3448,De 30 a 39 anos,Hombre,Herido,0,1,0,3
3449,De 30 a 39 anos,Hombre,Herido,0,1,0,3
3450,De 30 a 39 anos,Hombre,Herido,0,1,0,3
3451,De 30 a 39 anos,Hombre,Herido,0,1,0,3
3452,De 30 a 39 anos,Hombre,Herido,0,1,0,3
3453,De 30 a 39 anos,Hombre,Herido,0,1,0,3
3454,De 30 a 39 anos,Hombre,Herido,0,1,0,3
3455,De 30 a 39 anos,Hombre,Herido,0,1,0,3
3456,De 30 a 39 anos,Hombre,Herido,0,1,0,3
3457,De 30 a 39 anos,Hombre,Herido,0,1,0,3
3458,De 30 a 39 anos,Hombre,Herido,0,1,0,3
3459,De 30 a 39 anos,Hombre,Herido,0,1,0,3
3460,De 30 a 39 anos,Hombre,Herido,0,1,0,3
3461,De 30 a 39 anos,Hombre,Herido,0,1,0,3
3462,De 30 a 39 anos,Hombre,Herido,0,1,0,3
3463,De 30 a 39 anos,Hombre,Herido,0,1,0,3
3464,De 30 a 39 anos,Hombre,Herido,0,1,0,3
3465,De 30 a 39 anos,Hombre,Herido,0,1,0,3
3466,De 30 a 39 anos,Hombre,Herido,0,1,0,3
3467,De 30 a 39 anos,Hombre,Herido,0,1,0,3
3468,De 30 a 39 anos,Hombre,Herido,0,1,0,3
3469,De 30 a 39 anos,Hombre,Herido,0,1,0,3
3470,De 30 a 39 anos,Hombre,Herido,0,1,0,3
3471,De 30 a 39 anos,Hombre,Herido,0,1,0,3
3472,De 30 a 39 anos,Hombre,Herido,0,1,0,3
3473,De 30 a 39 anos,Hombre,Herido,0,1,0,3
3474,De 30 a 39 anos,Hombre,Herido,0,1,0,3
3475,De 30 a 39 anos,Hombre,Herido,0,1,0,3
3476,De 30 a 39 anos,Hombre,Herido,0,1,0,3
3477,De 30 a 39 anos,Hombre,Herido,0,1,0,3
3478,De 30 a 39 anos,Hombre,Herido,0,1,0,3
3479,De 30 a 39 anos,Hombre,Herido,0,1,0,3
3480,De 30 a 39 anos,Hombre,Herido,0,1,0,3
3481,De 30 a 39 anos,Hombre,Herido,0,1,0,3
3482,De 30 a 39 anos,Hombre,Herido,0,1,0,3
3483,De 30 a 39 anos,Hombre,Herido,0,1,0,3
3484,De 30 a 39 anos,Hombre,Herido,0,1,0,3
3485,De 30 a 39 anos,Hombre,Herido,0,1,0,3
3486,De 30 a 39 anos,Hombre,Herido,0,1,0,3
3487,De 30 a 39 anos,Hombre,Herido,0,1,0,3
3488,De 30 a 39 anos,Hombre,Herido,0,1,0,3
3489,De 30 a 39 anos,Hombre,Herido,0,1,0,3
3490,De 30 a 39 anos,Hombre,Herido,0,1,0,3
3491,De 30 a 39 anos,Hombre,Herido,0,1,0,3
3492,De 30 a 39 anos,Hombre,Herido,0,1,0,3
3493,De 30 a 39 anos,Hombre,Herido,0,1,0,3
3494,De 30 a 39 anos,Hombre,Herido,0,1,0,3
3495,De 30 a 39 anos,Hombre,Herido,0,1,0,3
3496,De 30 a 39 anos,Hombre,Herido,0,1,0,3
3497,De 30 a 39 anos,Hombre,Herido,0,1,0,3
3498,De 30 a 39 anos,Hombre,Herido,0,1,0,3
3499,De 30 a 39 anos,Hombre,Herido,0,1,0,3
3500,De 30 a 39 anos,Hombre,Herido,0,1,0,3
3501,De 30 a 39 anos,Hombre,Herido,0,1,0,3
3502,De 30 a 39 anos,Hombre,Herido,0,1,0,3
3503,De 30 a 39 anos,Hombre,Herido,0,1,0,3
3504,De 30 a 39 anos,Hombre,Herido,0,1,0,3
3505,De 30 a 39 anos,Hombre,Herido,0,1,0,3
3506,De 30 a 39 anos,Hombre,Herido,0,1,0,3
3507,De 30 a 39 anos,Hombre,Herido,0,1,0,3
3508,De 30 a 39 anos,Mujer,Herido,0,0,0,3
3509,De 30 a 39 anos,Mujer,Herido,0,0,0,3
3510,De 30 a 39 anos,Mujer,Herido,0,0,0,3
3511,De 30 a 39 anos,Mujer,Herido,0,0,0,3
3512,De 30 a 39 anos,Mujer,Herido,0,0,0,3
3513,De 30 a 39 anos,Mujer,Herido,0,0,0,3
3514,De 30 a 39 anos,Mujer,Herido,0,0,0,3
3515,De 30 a 39 anos,Mujer,Herido,0,0,0,3
3516,De 30 a 39 anos,Mujer,Herido,0,0,0,3
3517,De 30 a 39 anos,Mujer,Herido,0,0,0,3
3518,De 30 a 39 anos,Mujer,Herido,0,0,0,3
3519,De 30 a 39 anos,Mujer,Herido,0,0,0,3
3520,De 30 a 39 anos,Mujer,Herido,0,0,0,3
3521,De 30 a 39 anos,Mujer,Herido,0,0,0,3
3522,De 30 a 39 anos,Mujer,Herido,0,0,0,3
3523,De 30 a 39 anos,Mujer,Herido,0,0,0,3
3524,De 30 a 39 anos,Mujer,Herido,0,0,0,3
3525,De 30 a 39 anos,Mujer,Herido,0,0,0,3
3526,De 30 a 39 anos,Mujer,Herido,0,0,0,3
3527,De 30 a 39 anos,Mujer,Herido,0,0,0,3
3528,De 30 a 39 anos,Mujer,Herido,0,0,0,3
3529,De 30 a 39 anos,Mujer,Herido,0,0,0,3
3530,De 30 a 39 anos,Mujer,Herido,0,0,0,3
3531,De 30 a 39 anos,Mujer,Herido,0,0,0,3
3532,De 30 a 39 anos,Mujer,Herido,0,0,0,3
3533,De 30 a 39 anos,Mujer,Herido,0,0,0,3
3534,De 30 a 39 anos,Mujer,Herido,0,0,0,3
3535,De 30 a 39 anos,Mujer,Herido,0,0,0,3
3536,De 30 a 39 anos,Mujer,Herido,0,0,0,3
3537,De 30 a 39 anos,Mujer,Herido,0,0,0,3
3538,De 30 a 39 anos,Mujer,Herido,0,0,0,3
3539,De 30 a 39 anos,Mujer,Herido,0,0,0,3
3540,De 30 a 39 anos,Mujer,Herido,0,0,0,3
3541,De 30 a 39 anos,Mujer,Herido,0,0,0,3
3542,De 30 a 39 anos,Mujer,Herido,0,0,0,3
3543,De 30 a 39 anos,Mujer,Herido,0,0,0,3
3544,De 30 a 39 anos,Mujer,Herido,0,0,0,3
3545,De 30 a 39 anos,Mujer,Herido,0,0,0,3
3546,De 30 a 39 anos,Mujer,Herido,0,0,0,3
3547,De 30 a 39 anos,Mujer,Herido,0,0,0,3
3548,De 30 a 39 anos,Mujer,Herido,0,0,0,3
3549,De 30 a 39 anos,Mujer,Herido,0,0,0,3
3550,De 30 a 39 anos,Mujer,Herido,0,0,0,3
3551,De 30 a 39 anos,Mujer,Herido,0,0,0,3
3552,De 30 a 39 anos,Mujer,Herido,0,0,0,3
3553,De 30 a 39 anos,Mujer,Herido,0,0,0,3
3554,De 30 a 39 anos,Mujer,Herido,0,0,0,3
3555,De 30 a 39 anos,Mujer,Herido,0,0,0,3
3556,De 30 a 39 anos,Mujer,Herido,0,0,0,3
3557,De 30 a 39 anos,Mujer,Herido,0,0,0,3
3558,De 30 a 39 anos,Mujer,Herido,0,0,0,3
3559,De 30 a 39 anos,Mujer,Herido,0,0,0,3
3560,De 30 a 39 anos,Mujer,Herido,0,0,0,3
3561,De 30 a 39 anos,Mujer,Herido,0,0,0,3
3562,De 30 a 39 anos,Mujer,Herido,0,0,0,3
3563,De 30 a 39 anos,Mujer,Herido,0,0,0,3
3564,De 30 a 39 anos,Mujer,Herido,0,0,0,3
3565,De 30 a 39 anos,Mujer,Herido,0,0,0,3
3566,De 30 a 39 anos,Mujer,Herido,0,0,0,3
3567,De 30 a 39 anos,Mujer,Herido,0,0,0,3
3568,De 30 a 39 anos,Mujer,Herido,0,0,0,3
3569,De 30 a 39 anos,Mujer,Herido,0,0,0,3
3570,De 30 a 39 anos,Mujer,Herido,0,0,0,3
3571,De 30 a 39 anos,Mujer,Herido,0,0,0,3
3572,De 30 a 39 anos,Mujer,Herido,0,0,0,3
3573,De 30 a 39 anos,Mujer,Herido,0,0,0,3
3574,De 30 a 39 anos,Mujer,Herido,0,0,0,3
3575,De 30 a 39 anos,Mujer,Herido,0,0,0,3
3576,De 30 a 39 anos,Mujer,Herido,0,0,0,3
3577,De 30 a 39 anos,Mujer,Herido,0,0,0,3
3578,De 30 a 39 anos,Mujer,Herido,0,0,0,3
3579,De 30 a 39 anos,Mujer,Herido,0,0,0,3
3580,De 30 a 39 anos,Mujer,Herido,0,0,0,3
3581,De 30 a 39 anos,Mujer,Herido,0,0,0,3
3582,De 30 a 39 anos,Mujer,Herido,0,0,0,3
3583,De 30 a 39 anos,Mujer,Herido,0,0,0,3
3584,De 30 a 39 anos,Mujer,Herido,0,0,0,3
3585,De 30 a 39 anos,Mujer,Herido,0,0,0,3
3586,De 30 a 39 anos,Mujer,Herido,0,0,0,3
3587,De 30 a 39 anos,Mujer,Herido,0,0,0,3
3588,De 30 a 39 anos,Mujer,Herido,0,0,0,3
3589,De 30 a 39 anos,Mujer,Herido,0,0,0,3
3590,De 30 a 39 anos,Mujer,Herido,0,0,0,3
3591,De 30 a 39 anos,Mujer,Herido,0,0,0,3
3592,De 30 a 39 anos,Mujer,Herido,0,0,0,3
3593,De 30 a 39 anos,Mujer,Herido,0,0,0,3
3594,De 30 a 39 anos,Mujer,Herido,0,0,0,3
3595,De 30 a 39 anos,Mujer,Herido,0,0,0,3
3596,De 30 a 39 anos,Mujer,Herido,0,0,0,3
3597,De 30 a 39 anos,Mujer,Herido,0,0,0,3
3598,De 30 a 39 anos,Mujer,Herido,0,0,0,3
3599,De 30 a 39 anos,Mujer,Herido,0,0,0,3
3600,De 30 a 39 anos,Mujer,Herido,0,0,0,3
3601,De 30 a 39 anos,Mujer,Herido,0,0,0,3
3602,De 30 a 39 anos,Mujer,Herido,0,0,0,3
3603,De 30 a 39 anos,Mujer,Herido,0,0,0,3
3604,De 30 a 39 anos,Mujer,Herido,0,0,0,3
3605,De 30 a 39 anos,Mujer,Herido,0,0,0,3
3606,De 30 a 39 anos,Mujer,Herido,0,0,0,3
3607,De 30 a 39 anos,Mujer,Herido,0,0,0,3
3608,De 30 a 39 anos,Mujer,Herido,0,0,0,3
3609,De 30 a 39 anos,Mujer,Herido,0,0,0,3
3610,De 30 a 39 anos,Mujer,Herido,0,0,0,3
3611,De 30 a 39 anos,Mujer,Herido,0,0,0,3
3612,De 30 a 39 anos,Mujer,Herido,0,0,0,3
3613,De 30 a 39 anos,Mujer,Herido,0,0,0,3
3614,De 30 a 39 anos,Mujer,Herido,0,0,0,3
3615,De 30 a 39 anos,Mujer,Herido,0,0,0,3
3616,De 30 a 39 anos,Mujer,Herido,0,0,0,3
3617,De 30 a 39 anos,Mujer,Herido,0,0,0,3
3618,De 30 a 39 anos,Mujer,Herido,0,0,0,3
3619,De 30 a 39 anos,Mujer,Herido,0,0,0,3
3620,De 30 a 39 anos,Mujer,Herido,0,0,0,3
3621,De 30 a 39 anos,Mujer,Herido,0,0,0,3
3622,De 30 a 39 anos,Mujer,Herido,0,0,0,3
3623,De 30 a 39 anos,Mujer,Herido,0,0,0,3
3624,De 30 a 39 anos,Mujer,Herido,0,0,0,3
3625,De 30 a 39 anos,Mujer,Herido,0,0,0,3
3626,De 30 a 39 anos,Mujer,Herido,0,0,0,3
3627,De 30 a 39 anos,Mujer,Herido,0,0,0,3
3628,De 30 a 39 anos,Mujer,Herido,0,0,0,3
3629,De 30 a 39 anos,Mujer,Herido,0,0,0,3
3630,De 30 a 39 anos,Mujer,Herido,0,0,0,3
3631,De 30 a 39 anos,Mujer,Herido,0,0,0,3
3632,De 30 a 39 anos,Mujer,Herido,0,0,0,3
3633,De 30 a 39 anos,Mujer,Herido,0,0,0,3
3634,De 30 a 39 anos,Mujer,Herido,0,0,0,3
3635,De 30 a 39 anos,Mujer,Herido,0,0,0,3
3636,De 30 a 39 anos,Mujer,Herido,0,0,0,3
3637,De 30 a 39 anos,Mujer,Herido,0,0,0,3
3638,De 30 a 39 anos,Mujer,Herido,0,0,0,3
3639,De 30 a 39 anos,Mujer,Herido,0,0,0,3
3640,De 30 a 39 anos,Mujer,Herido,0,0,0,3
3641,De 30 a 39 anos,Mujer,Herido,0,0,0,3
3642,De 30 a 39 anos,Mujer,Herido,0,0,0,3
3643,De 30 a 39 anos,Mujer,Herido,0,0,0,3
3644,De 30 a 39 anos,Mujer,Herido,0,0,0,3
3645,De 30 a 39 anos,Mujer,Herido,0,0,0,3
3646,De 30 a 39 anos,Mujer,Herido,0,0,0,3
3647,De 30 a 39 anos,Mujer,Herido,0,0,0,3
3648,De 30 a 39 anos,Mujer,Herido,0,0,0,3
3649,De 30 a 39 anos,Mujer,Herido,0,0,0,3
3650,De 30 a 39 anos,Mujer,Herido,0,0,0,3
3651,De 30 a 39 anos,Mujer,Herido,0,0,0,3
3652,De 30 a 39 anos,Mujer,Herido,0,0,0,3
3653,De 30 a 39 anos,Mujer,Herido,0,0,0,3
3654,De 30 a 39 anos,Mujer,Herido,0,0,0,3
3655,De 30 a 39 anos,Mujer,Herido,0,0,0,3
3656,De 30 a 39 anos,Mujer,Herido,0,0,0,3
3657,De 30 a 39 anos,Mujer,Herido,0,0,0,3
3658,De 30 a 39 anos,Mujer,Herido,0,0,0,3
3659,De 30 a 39 anos,Mujer,Herido,0,0,0,3
3660,De 30 a 39 anos,Mujer,Herido,0,0,0,3
3661,De 30 a 39 anos,Mujer,Herido,0,0,0,3
3662,De 30 a 39 anos,Mujer,Herido,0,0,0,3
3663,De 30 a 39 anos,Mujer,Herido,0,0,0,3
3664,De 30 a 39 anos,Mujer,Herido,0,0,0,3
3665,De 30 a 39 anos,Mujer,Herido,0,0,0,3
3666,De 30 a 39 anos,Mujer,Herido,0,0,0,3
3667,De 30 a 39 anos,Mujer,Herido,0,0,0,3
3668,De 30 a 39 anos,Mujer,Herido,0,0,0,3
3669,De 30 a 39 anos,Mujer,Herido,0,0,0,3
3670,De 30 a 39 anos,Hombre,Fallecido,1,1,0,3
3671,De 30 a 39 anos,Hombre,Fallecido,1,1,0,3
3672,De 30 a 39 anos,Hombre,Fallecido,1,1,0,3
3673,De 30 a 39 anos,Hombre,Fallecido,1,1,0,3
3674,De 30 a 39 anos,Hombre,Fallecido,1,1,0,3
3675,De 30 a 39 anos,Hombre,Fallecido,1,1,0,3
3676,De 30 a 39 anos,Hombre,Fallecido,1,1,0,3
3677,De 30 a 39 anos,Hombre,Fallecido,1,1,0,3
3678,De 30 a 39 anos,Hombre,Fallecido,1,1,0,3
3679,De 30 a 39 anos,Hombre,Fallecido,1,1,0,3
3680,De 30 a 39 anos,Hombre,Fallecido,1,1,0,3
3681,De 30 a 39 anos,Hombre,Fallecido,1,1,0,3
3682,De 30 a 39 anos,Hombre,Fallecido,1,1,0,3
3683,De 30 a 39 anos,Hombre,Fallecido,1,1,0,3
3684,De 30 a 39 anos,Hombre,Fallecido,1,1,0,3
3685,De 30 a 39 anos,Hombre,Fallecido,1,1,0,3
3686,De 30 a 39 anos,Hombre,Fallecido,1,1,0,3
3687,De 30 a 39 anos,Hombre,Fallecido,1,1,0,3
3688,De 30 a 39 anos,Hombre,Fallecido,1,1,0,3
3689,De 30 a 39 anos,Hombre,Fallecido,1,1,0,3
3690,De 30 a 39 anos,Hombre,Fallecido,1,1,0,3
3691,De 30 a 39 anos,Hombre,Fallecido,1,1,0,3
3692,De 30 a 39 anos,Hombre,Fallecido,1,1,0,3
3693,De 30 a 39 anos,Hombre,Fallecido,1,1,0,3
3694,De 30 a 39 anos,Hombre,Fallecido,1,1,0,3
3695,De 30 a 39 anos,Hombre,Fallecido,1,1,0,3
3696,De 30 a 39 anos,Hombre,Fallecido,1,1,0,3
3697,De 30 a 39 anos,Hombre,Fallecido,1,1,0,3
3698,De 30 a 39 anos,Hombre,Fallecido,1,1,0,3
3699,De 30 a 39 anos,Hombre,Fallecido,1,1,0,3
3700,De 30 a 39 anos,Hombre,Fallecido,1,1,0,3
3701,De 30 a 39 anos,Hombre,Fallecido,1,1,0,3
3702,De 30 a 39 anos,Hombre,Fallecido,1,1,0,3
3703,De 30 a 39 anos,Hombre,Fallecido,1,1,0,3
3704,De 30 a 39 anos,Hombre,Fallecido,1,1,0,3
3705,De 30 a 39 anos,Hombre,Fallecido,1,1,0,3
3706,De 30 a 39 anos,Hombre,Fallecido,1,1,0,3
3707,De 30 a 39 anos,Hombre,Fallecido,1,1,0,3
3708,De 30 a 39 anos,Hombre,Fallecido,1,1,0,3
3709,De 30 a 39 anos,Hombre,Fallecido,1,1,0,3
3710,De 30 a 39 anos,Hombre,Fallecido,1,1,0,3
3711,De 30 a 39 anos,Hombre,Fallecido,1,1,0,3
3712,De 30 a 39 anos,Hombre,Fallecido,1,1,0,3
3713,De 30 a 39 anos,Hombre,Fallecido,1,1,0,3
3714,De 30 a 39 anos,Hombre,Fallecido,1,1,0,3
3715,De 30 a 39 anos,Hombre,Fallecido,1,1,0,3
3716,De 30 a 39 anos,Hombre,Fallecido,1,1,0,3
3717,De 30 a 39 anos,Hombre,Fallecido,1,1,0,3
3718,De 30 a 39 anos,Hombre,Fallecido,1,1,0,3
3719,De 30 a 39 anos,Hombre,Fallecido,1,1,0,3
3720,De 30 a 39 anos,Hombre,Fallecido,1,1,0,3
3721,De 30 a 39 anos,Hombre,Fallecido,1,1,0,3
3722,De 30 a 39 anos,Hombre,Fallecido,1,1,0,3
3723,De 30 a 39 anos,Hombre,Fallecido,1,1,0,3
3724,De 30 a 39 anos,Hombre,Fallecido,1,1,0,3
3725,De 30 a 39 anos,Hombre,Fallecido,1,1,0,3
3726,De 30 a 39 anos,Hombre,Fallecido,1,1,0,3
3727,De 30 a 39 anos,Hombre,Fallecido,1,1,0,3
3728,De 30 a 39 anos,Hombre,Fallecido,1,1,0,3
3729,De 30 a 39 anos,Hombre,Fallecido,1,1,0,3
3730,De 30 a 39 anos,Hombre,Fallecido,1,1,0,3
3731,De 30 a 39 anos,Hombre,Fallecido,1,1,0,3
3732,De 30 a 39 anos,Hombre,Fallecido,1,1,0,3
3733,De 30 a 39 anos,Hombre,Fallecido,1,1,0,3
3734,De 30 a 39 anos,Hombre,Fallecido,1,1,0,3
3735,De 30 a 39 anos,Hombre,Fallecido,1,1,0,3
3736,De 30 a 39 anos,Hombre,Fallecido,1,1,0,3
3737,De 30 a 39 anos,Hombre,Fallecido,1,1,0,3
3738,De 30 a 39 anos,Hombre,Fallecido,1,1,0,3
3739,De 30 a 39 anos,Hombre,Fallecido,1,1,0,3
3740,De 30 a 39 anos,Hombre,Fallecido,1,1,0,3
3741,De 30 a 39 anos,Hombre,Fallecido,1,1,0,3
3742,De 30 a 39 anos,Hombre,Fallecido,1,1,0,3
3743,De 30 a 39 anos,Hombre,Fallecido,1,1,0,3
3744,De 30 a 39 anos,Hombre,Fallecido,1,1,0,3
3745,De 30 a 39 anos,Hombre,Fallecido,1,1,0,3
3746,De 30 a 39 anos,Hombre,Fallecido,1,1,0,3
3747,De 30 a 39 anos,Hombre,Fallecido,1,1,0,3
3748,De 30 a 39 anos,Hombre,Fallecido,1,1,0,3
3749,De 30 a 39 anos,Hombre,Fallecido,1,1,0,3
3750,De 30 a 39 anos,Hombre,Fallecido,1,1,0,3
3751,De 30 a 39 anos,Hombre,Fallecido,1,1,0,3
3752,De 30 a 39 anos,Hombre,Fallecido,1,1,0,3
3753,De 30 a 39 anos,Hombre,Fallecido,1,1,0,3
3754,De 30 a 39 anos,Hombre,Fallecido,1,1,0,3
3755,De 30 a 39 anos,Hombre,Fallecido,1,1,0,3
3756,De 30 a 39 anos,Hombre,Fallecido,1,1,0,3
3757,De 30 a 39 anos,Hombre,Fallecido,1,1,0,3
3758,De 30 a 39 anos,Hombre,Fallecido,1,1,0,3
3759,De 30 a 39 anos,Hombre,Fallecido,1,1,0,3
3760,De 30 a 39 anos,Hombre,Fallecido,1,1,0,3
3761,De 30 a 39 anos,Hombre,Fallecido,1,1,0,3
3762,De 30 a 39 anos,Hombre,Fallecido,1,1,0,3
3763,De 30 a 39 anos,Hombre,Fallecido,1,1,0,3
3764,De 30 a 39 anos,Hombre,Fallecido,1,1,0,3
3765,De 30 a 39 anos,Hombre,Fallecido,1,1,0,3
3766,De 30 a 39 anos,Hombre,Fallecido,1,1,0,3
3767,De 30 a 39 anos,Hombre,Fallecido,1,1,0,3
3768,De 30 a 39 anos,Hombre,Fallecido,1,1,0,3
3769,De 30 a 39 anos,Hombre,Fallecido,1,1,0,3
3770,De 30 a 39 anos,Hombre,Fallecido,1,1,0,3
3771,De 30 a 39 anos,Hombre,Fallecido,1,1,0,3
3772,De 30 a 39 anos,Hombre,Fallecido,1,1,0,3
3773,De 30 a 39 anos,Hombre,Fallecido,1,1,0,3
3774,De 30 a 39 anos,Hombre,Fallecido,1,1,0,3
3775,De 30 a 39 anos,Hombre,Fallecido,1,1,0,3
3776,De 30 a 39 anos,Hombre,Fallecido,1,1,0,3
3777,De 30 a 39 anos,Hombre,Fallecido,1,1,0,3
3778,De 30 a 39 anos,Hombre,Fallecido,1,1,0,3
3779,De 30 a 39 anos,Hombre,Fallecido,1,1,0,3
3780,De 30 a 39 anos,Hombre,Fallecido,1,1,0,3
3781,De 30 a 39 anos,Hombre,Fallecido,1,1,0,3
3782,De 30 a 39 anos,Hombre,Fallecido,1,1,0,3
3783,De 30 a 39 anos,Hombre,Fallecido,1,1,0,3
3784,De 30 a 39 anos,Hombre,Fallecido,1,1,0,3
3785,De 30 a 39 anos,Hombre,Fallecido,1,1,0,3
3786,De 30 a 39 anos,Hombre,Fallecido,1,1,0,3
3787,De 30 a 39 anos,Hombre,Fallecido,1,1,0,3
3788,De 30 a 39 anos,Hombre,Fallecido,1,1,0,3
3789,De 30 a 39 anos,Hombre,Fallecido,1,1,0,3
3790,De 30 a 39 anos,Hombre,Fallecido,1,1,0,3
3791,De 30 a 39 anos,Hombre,Fallecido,1,1,0,3
3792,De 30 a 39 anos,Hombre,Fallecido,1,1,0,3
3793,De 30 a 39 anos,Hombre,Fallecido,1,1,0,3
3794,De 30 a 39 anos,Hombre,Fallecido,1,1,0,3
3795,De 30 a 39 anos,Hombre,Fallecido,1,1,0,3
3796,De 30 a 39 anos,Hombre,Fallecido,1,1,0,3
3797,De 30 a 39 anos,Hombre,Fallecido,1,1,0,3
3798,De 30 a 39 anos,Hombre,Fallecido,1,1,0,3
3799,De 30 a 39 anos,Hombre,Fallecido,1,1,0,3
3800,De 30 a 39 anos,Hombre,Fallecido,1,1,0,3
3801,De 30 a 39 anos,Hombre,Fallecido,1,1,0,3
3802,De 30 a 39 anos,Hombre,Fallecido,1,1,0,3
3803,De 30 a 39 anos,Hombre,Fallecido,1,1,0,3
3804,De 30 a 39 anos,Hombre,Fallecido,1,1,0,3
3805,De 30 a 39 anos,Hombre,Fallecido,1,1,0,3
3806,De 30 a 39 anos,Hombre,Fallecido,1,1,0,3
3807,De 30 a 39 anos,Hombre,Fallecido,1,1,0,3
3808,De 30 a 39 anos,Hombre,Fallecido,1,1,0,3
3809,De 30 a 39 anos,Hombre,Fallecido,1,1,0,3
3810,De 30 a 39 anos,Hombre,Fallecido,1,1,0,3
3811,De 30 a 39 anos,Hombre,Fallecido,1,1,0,3
3812,De 30 a 39 anos,Hombre,Fallecido,1,1,0,3
3813,De 30 a 39 anos,Hombre,Fallecido,1,1,0,3
3814,De 30 a 39 anos,Hombre,Fallecido,1,1,0,3
3815,De 30 a 39 anos,Hombre,Fallecido,1,1,0,3
3816,De 30 a 39 anos,Hombre,Fallecido,1,1,0,3
3817,De 30 a 39 anos,Hombre,Fallecido,1,1,0,3
3818,De 30 a 39 anos,Hombre,Fallecido,1,1,0,3
3819,De 30 a 39 anos,Mujer,Fallecido,1,0,0,3
3820,De 30 a 39 anos,Mujer,Fallecido,1,0,0,3
3821,De 30 a 39 anos,Mujer,Fallecido,1,0,0,3
3822,De 30 a 39 anos,Mujer,Fallecido,1,0,0,3
3823,De 30 a 39 anos,Mujer,Fallecido,1,0,0,3
3824,De 30 a 39 anos,Mujer,Fallecido,1,0,0,3
3825,De 30 a 39 anos,Mujer,Fallecido,1,0,0,3
3826,De 30 a 39 anos,Mujer,Fallecido,1,0,0,3
3827,De 30 a 39 anos,Mujer,Fallecido,1,0,0,3
3828,De 30 a 39 anos,Mujer,Fallecido,1,0,0,3
3829,De 30 a 39 anos,Mujer,Fallecido,1,0,0,3
3830,De 30 a 39 anos,Mujer,Fallecido,1,0,0,3
3831,De 30 a 39 anos,Mujer,Fallecido,1,0,0,3
3832,De 30 a 39 anos,Mujer,Fallecido,1,0,0,3
3833,De 30 a 39 anos,Mujer,Fallecido,1,0,0,3
3834,De 30 a 39 anos,Mujer,Fallecido,1,0,0,3
3835,De 30 a 39 anos,Mujer,Fallecido,1,0,0,3
3836,De 30 a 39 anos,Mujer,Fallecido,1,0,0,3
3837,De 30 a 39 anos,Mujer,Fallecido,1,0,0,3
3838,De 30 a 39 anos,Mujer,Fallecido,1,0,0,3
3839,De 40 a 49 anos,Hombre,Herido,0,1,0,4
3840,De 40 a 49 anos,Hombre,Herido,0,1,0,4
3841,De 40 a 49 anos,Hombre,Herido,0,1,0,4
3842,De 40 a 49 anos,Hombre,Herido,0,1,0,4
3843,De 40 a 49 anos,Hombre,Herido,0,1,0,4
3844,De 40 a 49 anos,Hombre,Herido,0,1,0,4
3845,De 40 a 49 anos,Hombre,Herido,0,1,0,4
3846,De 40 a 49 anos,Hombre,Herido,0,1,0,4
3847,De 40 a 49 anos,Hombre,Herido,0,1,0,4
3848,De 40 a 49 anos,Hombre,Herido,0,1,0,4
3849,De 40 a 49 anos,Hombre,Herido,0,1,0,4
3850,De 40 a 49 anos,Hombre,Herido,0,1,0,4
3851,De 40 a 49 anos,Hombre,Herido,0,1,0,4
3852,De 40 a 49 anos,Hombre,Herido,0,1,0,4
3853,De 40 a 49 anos,Hombre,Herido,0,1,0,4
3854,De 40 a 49 anos,Hombre,Herido,0,1,0,4
3855,De 40 a 49 anos,Hombre,Herido,0,1,0,4
3856,De 40 a 49 anos,Hombre,Herido,0,1,0,4
3857,De 40 a 49 anos,Hombre,Herido,0,1,0,4
3858,De 40 a 49 anos,Hombre,Herido,0,1,0,4
3859,De 40 a 49 anos,Hombre,Herido,0,1,0,4
3860,De 40 a 49 anos,Hombre,Herido,0,1,0,4
3861,De 40 a 49 anos,Hombre,Herido,0,1,0,4
3862,De 40 a 49 anos,Hombre,Herido,0,1,0,4
3863,De 40 a 49 anos,Hombre,Herido,0,1,0,4
3864,De 40 a 49 anos,Hombre,Herido,0,1,0,4
3865,De 40 a 49 anos,Hombre,Herido,0,1,0,4
3866,De 40 a 49 anos,Hombre,Herido,0,1,0,4
3867,De 40 a 49 anos,Hombre,Herido,0,1,0,4
3868,De 40 a 49 anos,Hombre,Herido,0,1,0,4
3869,De 40 a 49 anos,Hombre,Herido,0,1,0,4
3870,De 40 a 49 anos,Hombre,Herido,0,1,0,4
3871,De 40 a 49 anos,Hombre,Herido,0,1,0,4
3872,De 40 a 49 anos,Hombre,Herido,0,1,0,4
3873,De 40 a 49 anos,Hombre,Herido,0,1,0,4
3874,De 40 a 49 anos,Hombre,Herido,0,1,0,4
3875,De 40 a 49 anos,Hombre,Herido,0,1,0,4
3876,De 40 a 49 anos,Hombre,Herido,0,1,0,4
3877,De 40 a 49 anos,Hombre,Herido,0,1,0,4
3878,De 40 a 49 anos,Hombre,Herido,0,1,0,4
3879,De 40 a 49 anos,Hombre,Herido,0,1,0,4
3880,De 40 a 49 anos,Hombre,Herido,0,1,0,4
3881,De 40 a 49 anos,Hombre,Herido,0,1,0,4
3882,De 40 a 49 anos,Hombre,Herido,0,1,0,4
3883,De 40 a 49 anos,Hombre,Herido,0,1,0,4
3884,De 40 a 49 anos,Hombre,Herido,0,1,0,4
3885,De 40 a 49 anos,Hombre,Herido,0,1,0,4
3886,De 40 a 49 anos,Hombre,Herido,0,1,0,4
3887,De 40 a 49 anos,Hombre,Herido,0,1,0,4
3888,De 40 a 49 anos,Hombre,Herido,0,1,0,4
3889,De 40 a 49 anos,Hombre,Herido,0,1,0,4
3890,De 40 a 49 anos,Hombre,Herido,0,1,0,4
3891,De 40 a 49 anos,Hombre,Herido,0,1,0,4
3892,De 40 a 49 anos,Hombre,Herido,0,1,0,4
3893,De 40 a 49 anos,Hombre,Herido,0,1,0,4
3894,De 40 a 49 anos,Hombre,Herido,0,1,0,4
3895,De 40 a 49 anos,Hombre,Herido,0,1,0,4
3896,De 40 a 49 anos,Hombre,Herido,0,1,0,4
3897,De 40 a 49 anos,Hombre,Herido,0,1,0,4
3898,De 40 a 49 anos,Hombre,Herido,0,1,0,4
3899,De 40 a 49 anos,Hombre,Herido,0,1,0,4
3900,De 40 a 49 anos,Hombre,Herido,0,1,0,4
3901,De 40 a 49 anos,Hombre,Herido,0,1,0,4
3902,De 40 a 49 anos,Hombre,Herido,0,1,0,4
3903,De 40 a 49 anos,Hombre,Herido,0,1,0,4
3904,De 40 a 49 anos,Hombre,Herido,0,1,0,4
3905,De 40 a 49 anos,Hombre,Herido,0,1,0,4
3906,De 40 a 49 anos,Hombre,Herido,0,1,0,4
3907,De 40 a 49 anos,Hombre,Herido,0,1,0,4
3908,De 40 a 49 anos,Hombre,Herido,0,1,0,4
3909,De 40 a 49 anos,Hombre,Herido,0,1,0,4
3910,De 40 a 49 anos,Hombre,Herido,0,1,0,4
3911,De 40 a 49 anos,Hombre,Herido,0,1,0,4
3912,De 40 a 49 anos,Hombre,Herido,0,1,0,4
3913,De 40 a 49 anos,Hombre,Herido,0,1,0,4
3914,De 40 a 49 anos,Hombre,Herido,0,1,0,4
3915,De 40 a 49 anos,Hombre,Herido,0,1,0,4
3916,De 40 a 49 anos,Hombre,Herido,0,1,0,4
3917,De 40 a 49 anos,Hombre,Herido,0,1,0,4
3918,De 40 a 49 anos,Hombre,Herido,0,1,0,4
3919,De 40 a 49 anos,Hombre,Herido,0,1,0,4
3920,De 40 a 49 anos,Hombre,Herido,0,1,0,4
3921,De 40 a 49 anos,Hombre,Herido,0,1,0,4
3922,De 40 a 49 anos,Hombre,Herido,0,1,0,4
3923,De 40 a 49 anos,Hombre,Herido,0,1,0,4
3924,De 40 a 49 anos,Hombre,Herido,0,1,0,4
3925,De 40 a 49 anos,Hombre,Herido,0,1,0,4
3926,De 40 a 49 anos,Hombre,Herido,0,1,0,4
3927,De 40 a 49 anos,Hombre,Herido,0,1,0,4
3928,De 40 a 49 anos,Hombre,Herido,0,1,0,4
3929,De 40 a 49 anos,Hombre,Herido,0,1,0,4
3930,De 40 a 49 anos,Hombre,Herido,0,1,0,4
3931,De 40 a 49 anos,Hombre,Herido,0,1,0,4
3932,De 40 a 49 anos,Hombre,Herido,0,1,0,4
3933,De 40 a 49 anos,Hombre,Herido,0,1,0,4
3934,De 40 a 49 anos,Hombre,Herido,0,1,0,4
3935,De 40 a 49 anos,Hombre,Herido,0,1,0,4
3936,De 40 a 49 anos,Hombre,Herido,0,1,0,4
3937,De 40 a 49 anos,Hombre,Herido,0,1,0,4
3938,De 40 a 49 anos,Hombre,Herido,0,1,0,4
3939,De 40 a 49 anos,Hombre,Herido,0,1,0,4
3940,De 40 a 49 anos,Hombre,Herido,0,1,0,4
3941,De 40 a 49 anos,Hombre,Herido,0,1,0,4
3942,De 40 a 49 anos,Hombre,Herido,0,1,0,4
3943,De 40 a 49 anos,Hombre,Herido,0,1,0,4
3944,De 40 a 49 anos,Hombre,Herido,0,1,0,4
3945,De 40 a 49 anos,Hombre,Herido,0,1,0,4
3946,De 40 a 49 anos,Hombre,Herido,0,1,0,4
3947,De 40 a 49 anos,Hombre,Herido,0,1,0,4
3948,De 40 a 49 anos,Hombre,Herido,0,1,0,4
3949,De 40 a 49 anos,Hombre,Herido,0,1,0,4
3950,De 40 a 49 anos,Hombre,Herido,0,1,0,4
3951,De 40 a 49 anos,Hombre,Herido,0,1,0,4
3952,De 40 a 49 anos,Hombre,Herido,0,1,0,4
3953,De 40 a 49 anos,Hombre,Herido,0,1,0,4
3954,De 40 a 49 anos,Hombre,Herido,0,1,0,4
3955,De 40 a 49 anos,Hombre,Herido,0,1,0,4
3956,De 40 a 49 anos,Hombre,Herido,0,1,0,4
3957,De 40 a 49 anos,Hombre,Herido,0,1,0,4
3958,De 40 a 49 anos,Hombre,Herido,0,1,0,4
3959,De 40 a 49 anos,Hombre,Herido,0,1,0,4
3960,De 40 a 49 anos,Hombre,Herido,0,1,0,4
3961,De 40 a 49 anos,Hombre,Herido,0,1,0,4
3962,De 40 a 49 anos,Hombre,Herido,0,1,0,4
3963,De 40 a 49 anos,Hombre,Herido,0,1,0,4
3964,De 40 a 49 anos,Hombre,Herido,0,1,0,4
3965,De 40 a 49 anos,Hombre,Herido,0,1,0,4
3966,De 40 a 49 anos,Hombre,Herido,0,1,0,4
3967,De 40 a 49 anos,Hombre,Herido,0,1,0,4
3968,De 40 a 49 anos,Hombre,Herido,0,1,0,4
3969,De 40 a 49 anos,Hombre,Herido,0,1,0,4
3970,De 40 a 49 anos,Hombre,Herido,0,1,0,4
3971,De 40 a 49 anos,Hombre,Herido,0,1,0,4
3972,De 40 a 49 anos,Hombre,Herido,0,1,0,4
3973,De 40 a 49 anos,Hombre,Herido,0,1,0,4
3974,De 40 a 49 anos,Hombre,Herido,0,1,0,4
3975,De 40 a 49 anos,Hombre,Herido,0,1,0,4
3976,De 40 a 49 anos,Hombre,Herido,0,1,0,4
3977,De 40 a 49 anos,Hombre,Herido,0,1,0,4
3978,De 40 a 49 anos,Hombre,Herido,0,1,0,4
3979,De 40 a 49 anos,Hombre,Herido,0,1,0,4
3980,De 40 a 49 anos,Hombre,Herido,0,1,0,4
3981,De 40 a 49 anos,Hombre,Herido,0,1,0,4
3982,De 40 a 49 anos,Hombre,Herido,0,1,0,4
3983,De 40 a 49 anos,Hombre,Herido,0,1,0,4
3984,De 40 a 49 anos,Hombre,Herido,0,1,0,4
3985,De 40 a 49 anos,Hombre,Herido,0,1,0,4
3986,De 40 a 49 anos,Hombre,Herido,0,1,0,4
3987,De 40 a 49 anos,Hombre,Herido,0,1,0,4
3988,De 40 a 49 anos,Hombre,Herido,0,1,0,4
3989,De 40 a 49 anos,Hombre,Herido,0,1,0,4
3990,De 40 a 49 anos,Hombre,Herido,0,1,0,4
3991,De 40 a 49 anos,Hombre,Herido,0,1,0,4
3992,De 40 a 49 anos,Hombre,Herido,0,1,0,4
3993,De 40 a 49 anos,Hombre,Herido,0,1,0,4
3994,De 40 a 49 anos,Hombre,Herido,0,1,0,4
3995,De 40 a 49 anos,Hombre,Herido,0,1,0,4
3996,De 40 a 49 anos,Hombre,Herido,0,1,0,4
3997,De 40 a 49 anos,Hombre,Herido,0,1,0,4
3998,De 40 a 49 anos,Hombre,Herido,0,1,0,4
3999,De 40 a 49 anos,Hombre,Herido,0,1,0,4
4000,De 40 a 49 anos,Hombre,Herido,0,1,0,4
4001,De 40 a 49 anos,Hombre,Herido,0,1,0,4
4002,De 40 a 49 anos,Hombre,Herido,0,1,0,4
4003,De 40 a 49 anos,Hombre,Herido,0,1,0,4
4004,De 40 a 49 anos,Hombre,Herido,0,1,0,4
4005,De 40 a 49 anos,Hombre,Herido,0,1,0,4
4006,De 40 a 49 anos,Hombre,Herido,0,1,0,4
4007,De 40 a 49 anos,Hombre,Herido,0,1,0,4
4008,De 40 a 49 anos,Hombre,Herido,0,1,0,4
4009,De 40 a 49 anos,Hombre,Herido,0,1,0,4
4010,De 40 a 49 anos,Hombre,Herido,0,1,0,4
4011,De 40 a 49 anos,Hombre,Herido,0,1,0,4
4012,De 40 a 49 anos,Hombre,Herido,0,1,0,4
4013,De 40 a 49 anos,Hombre,Herido,0,1,0,4
4014,De 40 a 49 anos,Hombre,Herido,0,1,0,4
4015,De 40 a 49 anos,Hombre,Herido,0,1,0,4
4016,De 40 a 49 anos,Hombre,Herido,0,1,0,4
4017,De 40 a 49 anos,Hombre,Herido,0,1,0,4
4018,De 40 a 49 anos,Hombre,Herido,0,1,0,4
4019,De 40 a 49 anos,Hombre,Herido,0,1,0,4
4020,De 40 a 49 anos,Hombre,Herido,0,1,0,4
4021,De 40 a 49 anos,Hombre,Herido,0,1,0,4
4022,De 40 a 49 anos,Hombre,Herido,0,1,0,4
4023,De 40 a 49 anos,Hombre,Herido,0,1,0,4
4024,De 40 a 49 anos,Hombre,Herido,0,1,0,4
4025,De 40 a 49 anos,Hombre,Herido,0,1,0,4
4026,De 40 a 49 anos,Hombre,Herido,0,1,0,4
4027,De 40 a 49 anos,Hombre,Herido,0,1,0,4
4028,De 40 a 49 anos,Hombre,Herido,0,1,0,4
4029,De 40 a 49 anos,Hombre,Herido,0,1,0,4
4030,De 40 a 49 anos,Hombre,Herido,0,1,0,4
4031,De 40 a 49 anos,Hombre,Herido,0,1,0,4
4032,De 40 a 49 anos,Hombre,Herido,0,1,0,4
4033,De 40 a 49 anos,Hombre,Herido,0,1,0,4
4034,De 40 a 49 anos,Hombre,Herido,0,1,0,4
4035,De 40 a 49 anos,Hombre,Herido,0,1,0,4
4036,De 40 a 49 anos,Hombre,Herido,0,1,0,4
4037,De 40 a 49 anos,Hombre,Herido,0,1,0,4
4038,De 40 a 49 anos,Hombre,Herido,0,1,0,4
4039,De 40 a 49 anos,Hombre,Herido,0,1,0,4
4040,De 40 a 49 anos,Hombre,Herido,0,1,0,4
4041,De 40 a 49 anos,Hombre,Herido,0,1,0,4
4042,De 40 a 49 anos,Hombre,Herido,0,1,0,4
4043,De 40 a 49 anos,Hombre,Herido,0,1,0,4
4044,De 40 a 49 anos,Hombre,Herido,0,1,0,4
4045,De 40 a 49 anos,Hombre,Herido,0,1,0,4
4046,De 40 a 49 anos,Hombre,Herido,0,1,0,4
4047,De 40 a 49 anos,Hombre,Herido,0,1,0,4
4048,De 40 a 49 anos,Hombre,Herido,0,1,0,4
4049,De 40 a 49 anos,Hombre,Herido,0,1,0,4
4050,De 40 a 49 anos,Hombre,Herido,0,1,0,4
4051,De 40 a 49 anos,Hombre,Herido,0,1,0,4
4052,De 40 a 49 anos,Hombre,Herido,0,1,0,4
4053,De 40 a 49 anos,Hombre,Herido,0,1,0,4
4054,De 40 a 49 anos,Hombre,Herido,0,1,0,4
4055,De 40 a 49 anos,Hombre,Herido,0,1,0,4
4056,De 40 a 49 anos,Hombre,Herido,0,1,0,4
4057,De 40 a 49 anos,Hombre,Herido,0,1,0,4
4058,De 40 a 49 anos,Hombre,Herido,0,1,0,4
4059,De 40 a 49 anos,Hombre,Herido,0,1,0,4
4060,De 40 a 49 anos,Hombre,Herido,0,1,0,4
4061,De 40 a 49 anos,Hombre,Herido,0,1,0,4
4062,De 40 a 49 anos,Hombre,Herido,0,1,0,4
4063,De 40 a 49 anos,Hombre,Herido,0,1,0,4
4064,De 40 a 49 anos,Hombre,Herido,0,1,0,4
4065,De 40 a 49 anos,Hombre,Herido,0,1,0,4
4066,De 40 a 49 anos,Hombre,Herido,0,1,0,4
4067,De 40 a 49 anos,Hombre,Herido,0,1,0,4
4068,De 40 a 49 anos,Hombre,Herido,0,1,0,4
4069,De 40 a 49 anos,Hombre,Herido,0,1,0,4
4070,De 40 a 49 anos,Hombre,Herido,0,1,0,4
4071,De 40 a 49 anos,Hombre,Herido,0,1,0,4
4072,De 40 a 49 anos,Hombre,Herido,0,1,0,4
4073,De 40 a 49 anos,Hombre,Herido,0,1,0,4
4074,De 40 a 49 anos,Hombre,Herido,0,1,0,4
4075,De 40 a 49 anos,Hombre,Herido,0,1,0,4
4076,De 40 a 49 anos,Hombre,Herido,0,1,0,4
4077,De 40 a 49 anos,Hombre,Herido,0,1,0,4
4078,De 40 a 49 anos,Hombre,Herido,0,1,0,4
4079,De 40 a 49 anos,Hombre,Herido,0,1,0,4
4080,De 40 a 49 anos,Hombre,Herido,0,1,0,4
4081,De 40 a 49 anos,Hombre,Herido,0,1,0,4
4082,De 40 a 49 anos,Hombre,Herido,0,1,0,4
4083,De 40 a 49 anos,Hombre,Herido,0,1,0,4
4084,De 40 a 49 anos,Hombre,Herido,0,1,0,4
4085,De 40 a 49 anos,Hombre,Herido,0,1,0,4
4086,De 40 a 49 anos,Hombre,Herido,0,1,0,4
4087,De 40 a 49 anos,Hombre,Herido,0,1,0,4
4088,De 40 a 49 anos,Hombre,Herido,0,1,0,4
4089,De 40 a 49 anos,Hombre,Herido,0,1,0,4
4090,De 40 a 49 anos,Hombre,Herido,0,1,0,4
4091,De 40 a 49 anos,Hombre,Herido,0,1,0,4
4092,De 40 a 49 anos,Hombre,Herido,0,1,0,4
4093,De 40 a 49 anos,Hombre,Herido,0,1,0,4
4094,De 40 a 49 anos,Hombre,Herido,0,1,0,4
4095,De 40 a 49 anos,Hombre,Herido,0,1,0,4
4096,De 40 a 49 anos,Hombre,Herido,0,1,0,4
4097,De 40 a 49 anos,Hombre,Herido,0,1,0,4
4098,De 40 a 49 anos,Hombre,Herido,0,1,0,4
4099,De 40 a 49 anos,Hombre,Herido,0,1,0,4
4100,De 40 a 49 anos,Hombre,Herido,0,1,0,4
4101,De 40 a 49 anos,Hombre,Herido,0,1,0,4
4102,De 40 a 49 anos,Hombre,Herido,0,1,0,4
4103,De 40 a 49 anos,Hombre,Herido,0,1,0,4
4104,De 40 a 49 anos,Hombre,Herido,0,1,0,4
4105,De 40 a 49 anos,Hombre,Herido,0,1,0,4
4106,De 40 a 49 anos,Hombre,Herido,0,1,0,4
4107,De 40 a 49 anos,Hombre,Herido,0,1,0,4
4108,De 40 a 49 anos,Hombre,Herido,0,1,0,4
4109,De 40 a 49 anos,Hombre,Herido,0,1,0,4
4110,De 40 a 49 anos,Hombre,Herido,0,1,0,4
4111,De 40 a 49 anos,Hombre,Herido,0,1,0,4
4112,De 40 a 49 anos,Hombre,Herido,0,1,0,4
4113,De 40 a 49 anos,Hombre,Herido,0,1,0,4
4114,De 40 a 49 anos,Hombre,Herido,0,1,0,4
4115,De 40 a 49 anos,Hombre,Herido,0,1,0,4
4116,De 40 a 49 anos,Hombre,Herido,0,1,0,4
4117,De 40 a 49 anos,Hombre,Herido,0,1,0,4
4118,De 40 a 49 anos,Hombre,Herido,0,1,0,4
4119,De 40 a 49 anos,Hombre,Herido,0,1,0,4
4120,De 40 a 49 anos,Hombre,Herido,0,1,0,4
4121,De 40 a 49 anos,Hombre,Herido,0,1,0,4
4122,De 40 a 49 anos,Hombre,Herido,0,1,0,4
4123,De 40 a 49 anos,Hombre,Herido,0,1,0,4
4124,De 40 a 49 anos,Hombre,Herido,0,1,0,4
4125,De 40 a 49 anos,Hombre,Herido,0,1,0,4
4126,De 40 a 49 anos,Hombre,Herido,0,1,0,4
4127,De 40 a 49 anos,Hombre,Herido,0,1,0,4
4128,De 40 a 49 anos,Hombre,Herido,0,1,0,4
4129,De 40 a 49 anos,Hombre,Herido,0,1,0,4
4130,De 40 a 49 anos,Hombre,Herido,0,1,0,4
4131,De 40 a 49 anos,Hombre,Herido,0,1,0,4
4132,De 40 a 49 anos,Hombre,Herido,0,1,0,4
4133,De 40 a 49 anos,Hombre,Herido,0,1,0,4
4134,De 40 a 49 anos,Hombre,Herido,0,1,0,4
4135,De 40 a 49 anos,Hombre,Herido,0,1,0,4
4136,De 40 a 49 anos,Hombre,Herido,0,1,0,4
4137,De 40 a 49 anos,Hombre,Herido,0,1,0,4
4138,De 40 a 49 anos,Hombre,Herido,0,1,0,4
4139,De 40 a 49 anos,Hombre,Herido,0,1,0,4
4140,De 40 a 49 anos,Hombre,Herido,0,1,0,4
4141,De 40 a 49 anos,Hombre,Herido,0,1,0,4
4142,De 40 a 49 anos,Hombre,Herido,0,1,0,4
4143,De 40 a 49 anos,Hombre,Herido,0,1,0,4
4144,De 40 a 49 anos,Hombre,Herido,0,1,0,4
4145,De 40 a 49 anos,Hombre,Herido,0,1,0,4
4146,De 40 a 49 anos,Hombre,Herido,0,1,0,4
4147,De 40 a 49 anos,Hombre,Herido,0,1,0,4
4148,De 40 a 49 anos,Hombre,Herido,0,1,0,4
4149,De 40 a 49 anos,Hombre,Herido,0,1,0,4
4150,De 40 a 49 anos,Hombre,Herido,0,1,0,4
4151,De 40 a 49 anos,Hombre,Herido,0,1,0,4
4152,De 40 a 49 anos,Hombre,Herido,0,1,0,4
4153,De 40 a 49 anos,Hombre,Herido,0,1,0,4
4154,De 40 a 49 anos,Hombre,Herido,0,1,0,4
4155,De 40 a 49 anos,Hombre,Herido,0,1,0,4
4156,De 40 a 49 anos,Hombre,Herido,0,1,0,4
4157,De 40 a 49 anos,Hombre,Herido,0,1,0,4
4158,De 40 a 49 anos,Hombre,Herido,0,1,0,4
4159,De 40 a 49 anos,Hombre,Herido,0,1,0,4
4160,De 40 a 49 anos,Hombre,Herido,0,1,0,4
4161,De 40 a 49 anos,Hombre,Herido,0,1,0,4
4162,De 40 a 49 anos,Hombre,Herido,0,1,0,4
4163,De 40 a 49 anos,Hombre,Herido,0,1,0,4
4164,De 40 a 49 anos,Hombre,Herido,0,1,0,4
4165,De 40 a 49 anos,Hombre,Herido,0,1,0,4
4166,De 40 a 49 anos,Hombre,Herido,0,1,0,4
4167,De 40 a 49 anos,Hombre,Herido,0,1,0,4
4168,De 40 a 49 anos,Hombre,Herido,0,1,0,4
4169,De 40 a 49 anos,Hombre,Herido,0,1,0,4
4170,De 40 a 49 anos,Hombre,Herido,0,1,0,4
4171,De 40 a 49 anos,Hombre,Herido,0,1,0,4
4172,De 40 a 49 anos,Hombre,Herido,0,1,0,4
4173,De 40 a 49 anos,Hombre,Herido,0,1,0,4
4174,De 40 a 49 anos,Hombre,Herido,0,1,0,4
4175,De 40 a 49 anos,Hombre,Herido,0,1,0,4
4176,De 40 a 49 anos,Hombre,Herido,0,1,0,4
4177,De 40 a 49 anos,Hombre,Herido,0,1,0,4
4178,De 40 a 49 anos,Hombre,Herido,0,1,0,4
4179,De 40 a 49 anos,Hombre,Herido,0,1,0,4
4180,De 40 a 49 anos,Hombre,Herido,0,1,0,4
4181,De 40 a 49 anos,Hombre,Herido,0,1,0,4
4182,De 40 a 49 anos,Hombre,Herido,0,1,0,4
4183,De 40 a 49 anos,Hombre,Herido,0,1,0,4
4184,De 40 a 49 anos,Hombre,Herido,0,1,0,4
4185,De 40 a 49 anos,Hombre,Herido,0,1,0,4
4186,De 40 a 49 anos,Hombre,Herido,0,1,0,4
4187,De 40 a 49 anos,Hombre,Herido,0,1,0,4
4188,De 40 a 49 anos,Hombre,Herido,0,1,0,4
4189,De 40 a 49 anos,Hombre,Herido,0,1,0,4
4190,De 40 a 49 anos,Hombre,Herido,0,1,0,4
4191,De 40 a 49 anos,Hombre,Herido,0,1,0,4
4192,De 40 a 49 anos,Hombre,Herido,0,1,0,4
4193,De 40 a 49 anos,Hombre,Herido,0,1,0,4
4194,De 40 a 49 anos,Hombre,Herido,0,1,0,4
4195,De 40 a 49 anos,Hombre,Herido,0,1,0,4
4196,De 40 a 49 anos,Hombre,Herido,0,1,0,4
4197,De 40 a 49 anos,Hombre,Herido,0,1,0,4
4198,De 40 a 49 anos,Hombre,Herido,0,1,0,4
4199,De 40 a 49 anos,Hombre,Herido,0,1,0,4
4200,De 40 a 49 anos,Hombre,Herido,0,1,0,4
4201,De 40 a 49 anos,Hombre,Herido,0,1,0,4
4202,De 40 a 49 anos,Hombre,Herido,0,1,0,4
4203,De 40 a 49 anos,Hombre,Herido,0,1,0,4
4204,De 40 a 49 anos,Hombre,Herido,0,1,0,4
4205,De 40 a 49 anos,Hombre,Herido,0,1,0,4
4206,De 40 a 49 anos,Hombre,Herido,0,1,0,4
4207,De 40 a 49 anos,Hombre,Herido,0,1,0,4
4208,De 40 a 49 anos,Hombre,Herido,0,1,0,4
4209,De 40 a 49 anos,Hombre,Herido,0,1,0,4
4210,De 40 a 49 anos,Hombre,Herido,0,1,0,4
4211,De 40 a 49 anos,Hombre,Herido,0,1,0,4
4212,De 40 a 49 anos,Hombre,Herido,0,1,0,4
4213,De 40 a 49 anos,Hombre,Herido,0,1,0,4
4214,De 40 a 49 anos,Hombre,Herido,0,1,0,4
4215,De 40 a 49 anos,Hombre,Herido,0,1,0,4
4216,De 40 a 49 anos,Hombre,Herido,0,1,0,4
4217,De 40 a 49 anos,Hombre,Herido,0,1,0,4
4218,De 40 a 49 anos,Hombre,Herido,0,1,0,4
4219,De 40 a 49 anos,Mujer,Herido,0,0,0,4
4220,De 40 a 49 anos,Mujer,Herido,0,0,0,4
4221,De 40 a 49 anos,Mujer,Herido,0,0,0,4
4222,De 40 a 49 anos,Mujer,Herido,0,0,0,4
4223,De 40 a 49 anos,Mujer,Herido,0,0,0,4
4224,De 40 a 49 anos,Mujer,Herido,0,0,0,4
4225,De 40 a 49 anos,Mujer,Herido,0,0,0,4
4226,De 40 a 49 anos,Mujer,Herido,0,0,0,4
4227,De 40 a 49 anos,Mujer,Herido,0,0,0,4
4228,De 40 a 49 anos,Mujer,Herido,0,0,0,4
4229,De 40 a 49 anos,Mujer,Herido,0,0,0,4
4230,De 40 a 49 anos,Mujer,Herido,0,0,0,4
4231,De 40 a 49 anos,Mujer,Herido,0,0,0,4
4232,De 40 a 49 anos,Mujer,Herido,0,0,0,4
4233,De 40 a 49 anos,Mujer,Herido,0,0,0,4
4234,De 40 a 49 anos,Mujer,Herido,0,0,0,4
4235,De 40 a 49 anos,Mujer,Herido,0,0,0,4
4236,De 40 a 49 anos,Mujer,Herido,0,0,0,4
4237,De 40 a 49 anos,Mujer,Herido,0,0,0,4
4238,De 40 a 49 anos,Mujer,Herido,0,0,0,4
4239,De 40 a 49 anos,Mujer,Herido,0,0,0,4
4240,De 40 a 49 anos,Mujer,Herido,0,0,0,4
4241,De 40 a 49 anos,Mujer,Herido,0,0,0,4
4242,De 40 a 49 anos,Mujer,Herido,0,0,0,4
4243,De 40 a 49 anos,Mujer,Herido,0,0,0,4
4244,De 40 a 49 anos,Mujer,Herido,0,0,0,4
4245,De 40 a 49 anos,Mujer,Herido,0,0,0,4
4246,De 40 a 49 anos,Mujer,Herido,0,0,0,4
4247,De 40 a 49 anos,Mujer,Herido,0,0,0,4
4248,De 40 a 49 anos,Mujer,Herido,0,0,0,4
4249,De 40 a 49 anos,Mujer,Herido,0,0,0,4
4250,De 40 a 49 anos,Mujer,Herido,0,0,0,4
4251,De 40 a 49 anos,Mujer,Herido,0,0,0,4
4252,De 40 a 49 anos,Mujer,Herido,0,0,0,4
4253,De 40 a 49 anos,Mujer,Herido,0,0,0,4
4254,De 40 a 49 anos,Mujer,Herido,0,0,0,4
4255,De 40 a 49 anos,Mujer,Herido,0,0,0,4
4256,De 40 a 49 anos,Mujer,Herido,0,0,0,4
4257,De 40 a 49 anos,Mujer,Herido,0,0,0,4
4258,De 40 a 49 anos,Mujer,Herido,0,0,0,4
4259,De 40 a 49 anos,Mujer,Herido,0,0,0,4
4260,De 40 a 49 anos,Mujer,Herido,0,0,0,4
4261,De 40 a 49 anos,Mujer,Herido,0,0,0,4
4262,De 40 a 49 anos,Mujer,Herido,0,0,0,4
4263,De 40 a 49 anos,Mujer,Herido,0,0,0,4
4264,De 40 a 49 anos,Mujer,Herido,0,0,0,4
4265,De 40 a 49 anos,Mujer,Herido,0,0,0,4
4266,De 40 a 49 anos,Mujer,Herido,0,0,0,4
4267,De 40 a 49 anos,Mujer,Herido,0,0,0,4
4268,De 40 a 49 anos,Mujer,Herido,0,0,0,4
4269,De 40 a 49 anos,Mujer,Herido,0,0,0,4
4270,De 40 a 49 anos,Mujer,Herido,0,0,0,4
4271,De 40 a 49 anos,Mujer,Herido,0,0,0,4
4272,De 40 a 49 anos,Mujer,Herido,0,0,0,4
4273,De 40 a 49 anos,Mujer,Herido,0,0,0,4
4274,De 40 a 49 anos,Mujer,Herido,0,0,0,4
4275,De 40 a 49 anos,Mujer,Herido,0,0,0,4
4276,De 40 a 49 anos,Mujer,Herido,0,0,0,4
4277,De 40 a 49 anos,Mujer,Herido,0,0,0,4
4278,De 40 a 49 anos,Mujer,Herido,0,0,0,4
4279,De 40 a 49 anos,Mujer,Herido,0,0,0,4
4280,De 40 a 49 anos,Mujer,Herido,0,0,0,4
4281,De 40 a 49 anos,Mujer,Herido,0,0,0,4
4282,De 40 a 49 anos,Mujer,Herido,0,0,0,4
4283,De 40 a 49 anos,Mujer,Herido,0,0,0,4
4284,De 40 a 49 anos,Mujer,Herido,0,0,0,4
4285,De 40 a 49 anos,Mujer,Herido,0,0,0,4
4286,De 40 a 49 anos,Mujer,Herido,0,0,0,4
4287,De 40 a 49 anos,Mujer,Herido,0,0,0,4
4288,De 40 a 49 anos,Mujer,Herido,0,0,0,4
4289,De 40 a 49 anos,Mujer,Herido,0,0,0,4
4290,De 40 a 49 anos,Mujer,Herido,0,0,0,4
4291,De 40 a 49 anos,Mujer,Herido,0,0,0,4
4292,De 40 a 49 anos,Mujer,Herido,0,0,0,4
4293,De 40 a 49 anos,Mujer,Herido,0,0,0,4
4294,De 40 a 49 anos,Mujer,Herido,0,0,0,4
4295,De 40 a 49 anos,Mujer,Herido,0,0,0,4
4296,De 40 a 49 anos,Mujer,Herido,0,0,0,4
4297,De 40 a 49 anos,Mujer,Herido,0,0,0,4
4298,De 40 a 49 anos,Mujer,Herido,0,0,0,4
4299,De 40 a 49 anos,Mujer,Herido,0,0,0,4
4300,De 40 a 49 anos,Mujer,Herido,0,0,0,4
4301,De 40 a 49 anos,Mujer,Herido,0,0,0,4
4302,De 40 a 49 anos,Mujer,Herido,0,0,0,4
4303,De 40 a 49 anos,Mujer,Herido,0,0,0,4
4304,De 40 a 49 anos,Mujer,Herido,0,0,0,4
4305,De 40 a 49 anos,Mujer,Herido,0,0,0,4
4306,De 40 a 49 anos,Mujer,Herido,0,0,0,4
4307,De 40 a 49 anos,Mujer,Herido,0,0,0,4
4308,De 40 a 49 anos,Mujer,Herido,0,0,0,4
4309,De 40 a 49 anos,Mujer,Herido,0,0,0,4
4310,De 40 a 49 anos,Mujer,Herido,0,0,0,4
4311,De 40 a 49 anos,Mujer,Herido,0,0,0,4
4312,De 40 a 49 anos,Mujer,Herido,0,0,0,4
4313,De 40 a 49 anos,Mujer,Herido,0,0,0,4
4314,De 40 a 49 anos,Mujer,Herido,0,0,0,4
4315,De 40 a 49 anos,Mujer,Herido,0,0,0,4
4316,De 40 a 49 anos,Mujer,Herido,0,0,0,4
4317,De 40 a 49 anos,Mujer,Herido,0,0,0,4
4318,De 40 a 49 anos,Mujer,Herido,0,0,0,4
4319,De 40 a 49 anos,Mujer,Herido,0,0,0,4
4320,De 40 a 49 anos,Mujer,Herido,0,0,0,4
4321,De 40 a 49 anos,Mujer,Herido,0,0,0,4
4322,De 40 a 49 anos,Mujer,Herido,0,0,0,4
4323,De 40 a 49 anos,Mujer,Herido,0,0,0,4
4324,De 40 a 49 anos,Mujer,Herido,0,0,0,4
4325,De 40 a 49 anos,Mujer,Herido,0,0,0,4
4326,De 40 a 49 anos,Mujer,Herido,0,0,0,4
4327,De 40 a 49 anos,Mujer,Herido,0,0,0,4
4328,De 40 a 49 anos,Mujer,Herido,0,0,0,4
4329,De 40 a 49 anos,Mujer,Herido,0,0,0,4
4330,De 40 a 49 anos,Mujer,Herido,0,0,0,4
4331,De 40 a 49 anos,Mujer,Herido,0,0,0,4
4332,De 40 a 49 anos,Mujer,Herido,0,0,0,4
4333,De 40 a 49 anos,Mujer,Herido,0,0,0,4
4334,De 40 a 49 anos,Mujer,Herido,0,0,0,4
4335,De 40 a 49 anos,Mujer,Herido,0,0,0,4
4336,De 40 a 49 anos,Mujer,Herido,0,0,0,4
4337,De 40 a 49 anos,Mujer,Herido,0,0,0,4
4338,De 40 a 49 anos,Mujer,Herido,0,0,0,4
4339,De 40 a 49 anos,Mujer,Herido,0,0,0,4
4340,De 40 a 49 anos,Mujer,Herido,0,0,0,4
4341,De 40 a 49 anos,Mujer,Herido,0,0,0,4
4342,De 40 a 49 anos,Mujer,Herido,0,0,0,4
4343,De 40 a 49 anos,Hombre,Fallecido,1,1,0,4
4344,De 40 a 49 anos,Hombre,Fallecido,1,1,0,4
4345,De 40 a 49 anos,Hombre,Fallecido,1,1,0,4
4346,De 40 a 49 anos,Hombre,Fallecido,1,1,0,4
4347,De 40 a 49 anos,Hombre,Fallecido,1,1,0,4
4348,De 40 a 49 anos,Hombre,Fallecido,1,1,0,4
4349,De 40 a 49 anos,Hombre,Fallecido,1,1,0,4
4350,De 40 a 49 anos,Hombre,Fallecido,1,1,0,4
4351,De 40 a 49 anos,Hombre,Fallecido,1,1,0,4
4352,De 40 a 49 anos,Hombre,Fallecido,1,1,0,4
4353,De 40 a 49 anos,Hombre,Fallecido,1,1,0,4
4354,De 40 a 49 anos,Hombre,Fallecido,1,1,0,4
4355,De 40 a 49 anos,Hombre,Fallecido,1,1,0,4
4356,De 40 a 49 anos,Hombre,Fallecido,1,1,0,4
4357,De 40 a 49 anos,Hombre,Fallecido,1,1,0,4
4358,De 40 a 49 anos,Hombre,Fallecido,1,1,0,4
4359,De 40 a 49 anos,Hombre,Fallecido,1,1,0,4
4360,De 40 a 49 anos,Hombre,Fallecido,1,1,0,4
4361,De 40 a 49 anos,Hombre,Fallecido,1,1,0,4
4362,De 40 a 49 anos,Hombre,Fallecido,1,1,0,4
4363,De 40 a 49 anos,Hombre,Fallecido,1,1,0,4
4364,De 40 a 49 anos,Hombre,Fallecido,1,1,0,4
4365,De 40 a 49 anos,Hombre,Fallecido,1,1,0,4
4366,De 40 a 49 anos,Hombre,Fallecido,1,1,0,4
4367,De 40 a 49 anos,Hombre,Fallecido,1,1,0,4
4368,De 40 a 49 anos,Hombre,Fallecido,1,1,0,4
4369,De 40 a 49 anos,Hombre,Fallecido,1,1,0,4
4370,De 40 a 49 anos,Hombre,Fallecido,1,1,0,4
4371,De 40 a 49 anos,Hombre,Fallecido,1,1,0,4
4372,De 40 a 49 anos,Hombre,Fallecido,1,1,0,4
4373,De 40 a 49 anos,Hombre,Fallecido,1,1,0,4
4374,De 40 a 49 anos,Hombre,Fallecido,1,1,0,4
4375,De 40 a 49 anos,Hombre,Fallecido,1,1,0,4
4376,De 40 a 49 anos,Hombre,Fallecido,1,1,0,4
4377,De 40 a 49 anos,Hombre,Fallecido,1,1,0,4
4378,De 40 a 49 anos,Hombre,Fallecido,1,1,0,4
4379,De 40 a 49 anos,Hombre,Fallecido,1,1,0,4
4380,De 40 a 49 anos,Hombre,Fallecido,1,1,0,4
4381,De 40 a 49 anos,Hombre,Fallecido,1,1,0,4
4382,De 40 a 49 anos,Hombre,Fallecido,1,1,0,4
4383,De 40 a 49 anos,Hombre,Fallecido,1,1,0,4
4384,De 40 a 49 anos,Hombre,Fallecido,1,1,0,4
4385,De 40 a 49 anos,Hombre,Fallecido,1,1,0,4
4386,De 40 a 49 anos,Hombre,Fallecido,1,1,0,4
4387,De 40 a 49 anos,Hombre,Fallecido,1,1,0,4
4388,De 40 a 49 anos,Hombre,Fallecido,1,1,0,4
4389,De 40 a 49 anos,Hombre,Fallecido,1,1,0,4
4390,De 40 a 49 anos,Hombre,Fallecido,1,1,0,4
4391,De 40 a 49 anos,Hombre,Fallecido,1,1,0,4
4392,De 40 a 49 anos,Hombre,Fallecido,1,1,0,4
4393,De 40 a 49 anos,Hombre,Fallecido,1,1,0,4
4394,De 40 a 49 anos,Hombre,Fallecido,1,1,0,4
4395,De 40 a 49 anos,Hombre,Fallecido,1,1,0,4
4396,De 40 a 49 anos,Hombre,Fallecido,1,1,0,4
4397,De 40 a 49 anos,Hombre,Fallecido,1,1,0,4
4398,De 40 a 49 anos,Hombre,Fallecido,1,1,0,4
4399,De 40 a 49 anos,Hombre,Fallecido,1,1,0,4
4400,De 40 a 49 anos,Hombre,Fallecido,1,1,0,4
4401,De 40 a 49 anos,Hombre,Fallecido,1,1,0,4
4402,De 40 a 49 anos,Hombre,Fallecido,1,1,0,4
4403,De 40 a 49 anos,Hombre,Fallecido,1,1,0,4
4404,De 40 a 49 anos,Hombre,Fallecido,1,1,0,4
4405,De 40 a 49 anos,Hombre,Fallecido,1,1,0,4
4406,De 40 a 49 anos,Hombre,Fallecido,1,1,0,4
4407,De 40 a 49 anos,Hombre,Fallecido,1,1,0,4
4408,De 40 a 49 anos,Hombre,Fallecido,1,1,0,4
4409,De 40 a 49 anos,Hombre,Fallecido,1,1,0,4
4410,De 40 a 49 anos,Hombre,Fallecido,1,1,0,4
4411,De 40 a 49 anos,Hombre,Fallecido,1,1,0,4
4412,De 40 a 49 anos,Hombre,Fallecido,1,1,0,4
4413,De 40 a 49 anos,Hombre,Fallecido,1,1,0,4
4414,De 40 a 49 anos,Hombre,Fallecido,1,1,0,4
4415,De 40 a 49 anos,Hombre,Fallecido,1,1,0,4
4416,De 40 a 49 anos,Hombre,Fallecido,1,1,0,4
4417,De 40 a 49 anos,Hombre,Fallecido,1,1,0,4
4418,De 40 a 49 anos,Hombre,Fallecido,1,1,0,4
4419,De 40 a 49 anos,Hombre,Fallecido,1,1,0,4
4420,De 40 a 49 anos,Hombre,Fallecido,1,1,0,4
4421,De 40 a 49 anos,Hombre,Fallecido,1,1,0,4
4422,De 40 a 49 anos,Hombre,Fallecido,1,1,0,4
4423,De 40 a 49 anos,Hombre,Fallecido,1,1,0,4
4424,De 40 a 49 anos,Hombre,Fallecido,1,1,0,4
4425,De 40 a 49 anos,Hombre,Fallecido,1,1,0,4
4426,De 40 a 49 anos,Hombre,Fallecido,1,1,0,4
4427,De 40 a 49 anos,Hombre,Fallecido,1,1,0,4
4428,De 40 a 49 anos,Hombre,Fallecido,1,1,0,4
4429,De 40 a 49 anos,Hombre,Fallecido,1,1,0,4
4430,De 40 a 49 anos,Hombre,Fallecido,1,1,0,4
4431,De 40 a 49 anos,Hombre,Fallecido,1,1,0,4
4432,De 40 a 49 anos,Hombre,Fallecido,1,1,0,4
4433,De 40 a 49 anos,Hombre,Fallecido,1,1,0,4
4434,De 40 a 49 anos,Hombre,Fallecido,1,1,0,4
4435,De 40 a 49 anos,Hombre,Fallecido,1,1,0,4
4436,De 40 a 49 anos,Hombre,Fallecido,1,1,0,4
4437,De 40 a 49 anos,Hombre,Fallecido,1,1,0,4
4438,De 40 a 49 anos,Hombre,Fallecido,1,1,0,4
4439,De 40 a 49 anos,Hombre,Fallecido,1,1,0,4
4440,De 40 a 49 anos,Hombre,Fallecido,1,1,0,4
4441,De 40 a 49 anos,Hombre,Fallecido,1,1,0,4
4442,De 40 a 49 anos,Hombre,Fallecido,1,1,0,4
4443,De 40 a 49 anos,Hombre,Fallecido,1,1,0,4
4444,De 40 a 49 anos,Hombre,Fallecido,1,1,0,4
4445,De 40 a 49 anos,Hombre,Fallecido,1,1,0,4
4446,De 40 a 49 anos,Hombre,Fallecido,1,1,0,4
4447,De 40 a 49 anos,Hombre,Fallecido,1,1,0,4
4448,De 40 a 49 anos,Hombre,Fallecido,1,1,0,4
4449,De 40 a 49 anos,Hombre,Fallecido,1,1,0,4
4450,De 40 a 49 anos,Hombre,Fallecido,1,1,0,4
4451,De 40 a 49 anos,Hombre,Fallecido,1,1,0,4
4452,De 40 a 49 anos,Hombre,Fallecido,1,1,0,4
4453,De 40 a 49 anos,Hombre,Fallecido,1,1,0,4
4454,De 40 a 49 anos,Hombre,Fallecido,1,1,0,4
4455,De 40 a 49 anos,Hombre,Fallecido,1,1,0,4
4456,De 40 a 49 anos,Hombre,Fallecido,1,1,0,4
4457,De 40 a 49 anos,Hombre,Fallecido,1,1,0,4
4458,De 40 a 49 anos,Mujer,Fallecido,1,0,0,4
4459,De 40 a 49 anos,Mujer,Fallecido,1,0,0,4
4460,De 40 a 49 anos,Mujer,Fallecido,1,0,0,4
4461,De 40 a 49 anos,Mujer,Fallecido,1,0,0,4
4462,De 40 a 49 anos,Mujer,Fallecido,1,0,0,4
4463,De 40 a 49 anos,Mujer,Fallecido,1,0,0,4
4464,De 40 a 49 anos,Mujer,Fallecido,1,0,0,4
4465,De 40 a 49 anos,Mujer,Fallecido,1,0,0,4
4466,De 40 a 49 anos,Mujer,Fallecido,1,0,0,4
4467,De 40 a 49 anos,Mujer,Fallecido,1,0,0,4
4468,De 40 a 49 anos,Mujer,Fallecido,1,0,0,4
4469,De 40 a 49 anos,Mujer,Fallecido,1,0,0,4
4470,De 40 a 49 anos,Mujer,Fallecido,1,0,0,4
4471,De 40 a 49 anos,Mujer,Fallecido,1,0,0,4
4472,De 50 a 59 anos,Hombre,Herido,0,1,0,5
4473,De 50 a 59 anos,Hombre,Herido,0,1,0,5
4474,De 50 a 59 anos,Hombre,Herido,0,1,0,5
4475,De 50 a 59 anos,Hombre,Herido,0,1,0,5
4476,De 50 a 59 anos,Hombre,Herido,0,1,0,5
4477,De 50 a 59 anos,Hombre,Herido,0,1,0,5
4478,De 50 a 59 anos,Hombre,Herido,0,1,0,5
4479,De 50 a 59 anos,Hombre,Herido,0,1,0,5
4480,De 50 a 59 anos,Hombre,Herido,0,1,0,5
4481,De 50 a 59 anos,Hombre,Herido,0,1,0,5
4482,De 50 a 59 anos,Hombre,Herido,0,1,0,5
4483,De 50 a 59 anos,Hombre,Herido,0,1,0,5
4484,De 50 a 59 anos,Hombre,Herido,0,1,0,5
4485,De 50 a 59 anos,Hombre,Herido,0,1,0,5
4486,De 50 a 59 anos,Hombre,Herido,0,1,0,5
4487,De 50 a 59 anos,Hombre,Herido,0,1,0,5
4488,De 50 a 59 anos,Hombre,Herido,0,1,0,5
4489,De 50 a 59 anos,Hombre,Herido,0,1,0,5
4490,De 50 a 59 anos,Hombre,Herido,0,1,0,5
4491,De 50 a 59 anos,Hombre,Herido,0,1,0,5
4492,De 50 a 59 anos,Hombre,Herido,0,1,0,5
4493,De 50 a 59 anos,Hombre,Herido,0,1,0,5
4494,De 50 a 59 anos,Hombre,Herido,0,1,0,5
4495,De 50 a 59 anos,Hombre,Herido,0,1,0,5
4496,De 50 a 59 anos,Hombre,Herido,0,1,0,5
4497,De 50 a 59 anos,Hombre,Herido,0,1,0,5
4498,De 50 a 59 anos,Hombre,Herido,0,1,0,5
4499,De 50 a 59 anos,Hombre,Herido,0,1,0,5
4500,De 50 a 59 anos,Hombre,Herido,0,1,0,5
4501,De 50 a 59 anos,Hombre,Herido,0,1,0,5
4502,De 50 a 59 anos,Hombre,Herido,0,1,0,5
4503,De 50 a 59 anos,Hombre,Herido,0,1,0,5
4504,De 50 a 59 anos,Hombre,Herido,0,1,0,5
4505,De 50 a 59 anos,Hombre,Herido,0,1,0,5
4506,De 50 a 59 anos,Hombre,Herido,0,1,0,5
4507,De 50 a 59 anos,Hombre,Herido,0,1,0,5
4508,De 50 a 59 anos,Hombre,Herido,0,1,0,5
4509,De 50 a 59 anos,Hombre,Herido,0,1,0,5
4510,De 50 a 59 anos,Hombre,Herido,0,1,0,5
4511,De 50 a 59 anos,Hombre,Herido,0,1,0,5
4512,De 50 a 59 anos,Hombre,Herido,0,1,0,5
4513,De 50 a 59 anos,Hombre,Herido,0,1,0,5
4514,De 50 a 59 anos,Hombre,Herido,0,1,0,5
4515,De 50 a 59 anos,Hombre,Herido,0,1,0,5
4516,De 50 a 59 anos,Hombre,Herido,0,1,0,5
4517,De 50 a 59 anos,Hombre,Herido,0,1,0,5
4518,De 50 a 59 anos,Hombre,Herido,0,1,0,5
4519,De 50 a 59 anos,Hombre,Herido,0,1,0,5
4520,De 50 a 59 anos,Hombre,Herido,0,1,0,5
4521,De 50 a 59 anos,Hombre,Herido,0,1,0,5
4522,De 50 a 59 anos,Hombre,Herido,0,1,0,5
4523,De 50 a 59 anos,Hombre,Herido,0,1,0,5
4524,De 50 a 59 anos,Hombre,Herido,0,1,0,5
4525,De 50 a 59 anos,Hombre,Herido,0,1,0,5
4526,De 50 a 59 anos,Hombre,Herido,0,1,0,5
4527,De 50 a 59 anos,Hombre,Herido,0,1,0,5
4528,De 50 a 59 anos,Hombre,Herido,0,1,0,5
4529,De 50 a 59 anos,Hombre,Herido,0,1,0,5
4530,De 50 a 59 anos,Hombre,Herido,0,1,0,5
4531,De 50 a 59 anos,Hombre,Herido,0,1,0,5
4532,De 50 a 59 anos,Hombre,Herido,0,1,0,5
4533,De 50 a 59 anos,Hombre,Herido,0,1,0,5
4534,De 50 a 59 anos,Hombre,Herido,0,1,0,5
4535,De 50 a 59 anos,Hombre,Herido,0,1,0,5
4536,De 50 a 59 anos,Hombre,Herido,0,1,0,5
4537,De 50 a 59 anos,Hombre,Herido,0,1,0,5
4538,De 50 a 59 anos,Hombre,Herido,0,1,0,5
4539,De 50 a 59 anos,Hombre,Herido,0,1,0,5
4540,De 50 a 59 anos,Hombre,Herido,0,1,0,5
4541,De 50 a 59 anos,Hombre,Herido,0,1,0,5
4542,De 50 a 59 anos,Hombre,Herido,0,1,0,5
4543,De 50 a 59 anos,Hombre,Herido,0,1,0,5
4544,De 50 a 59 anos,Hombre,Herido,0,1,0,5
4545,De 50 a 59 anos,Hombre,Herido,0,1,0,5
4546,De 50 a 59 anos,Hombre,Herido,0,1,0,5
4547,De 50 a 59 anos,Hombre,Herido,0,1,0,5
4548,De 50 a 59 anos,Hombre,Herido,0,1,0,5
4549,De 50 a 59 anos,Hombre,Herido,0,1,0,5
4550,De 50 a 59 anos,Hombre,Herido,0,1,0,5
4551,De 50 a 59 anos,Hombre,Herido,0,1,0,5
4552,De 50 a 59 anos,Hombre,Herido,0,1,0,5
4553,De 50 a 59 anos,Hombre,Herido,0,1,0,5
4554,De 50 a 59 anos,Hombre,Herido,0,1,0,5
4555,De 50 a 59 anos,Hombre,Herido,0,1,0,5
4556,De 50 a 59 anos,Hombre,Herido,0,1,0,5
4557,De 50 a 59 anos,Hombre,Herido,0,1,0,5
4558,De 50 a 59 anos,Hombre,Herido,0,1,0,5
4559,De 50 a 59 anos,Hombre,Herido,0,1,0,5
4560,De 50 a 59 anos,Hombre,Herido,0,1,0,5
4561,De 50 a 59 anos,Hombre,Herido,0,1,0,5
4562,De 50 a 59 anos,Hombre,Herido,0,1,0,5
4563,De 50 a 59 anos,Hombre,Herido,0,1,0,5
4564,De 50 a 59 anos,Hombre,Herido,0,1,0,5
4565,De 50 a 59 anos,Hombre,Herido,0,1,0,5
4566,De 50 a 59 anos,Hombre,Herido,0,1,0,5
4567,De 50 a 59 anos,Hombre,Herido,0,1,0,5
4568,De 50 a 59 anos,Hombre,Herido,0,1,0,5
4569,De 50 a 59 anos,Hombre,Herido,0,1,0,5
4570,De 50 a 59 anos,Hombre,Herido,0,1,0,5
4571,De 50 a 59 anos,Hombre,Herido,0,1,0,5
4572,De 50 a 59 anos,Hombre,Herido,0,1,0,5
4573,De 50 a 59 anos,Hombre,Herido,0,1,0,5
4574,De 50 a 59 anos,Hombre,Herido,0,1,0,5
4575,De 50 a 59 anos,Hombre,Herido,0,1,0,5
4576,De 50 a 59 anos,Hombre,Herido,0,1,0,5
4577,De 50 a 59 anos,Hombre,Herido,0,1,0,5
4578,De 50 a 59 anos,Hombre,Herido,0,1,0,5
4579,De 50 a 59 anos,Hombre,Herido,0,1,0,5
4580,De 50 a 59 anos,Hombre,Herido,0,1,0,5
4581,De 50 a 59 anos,Hombre,Herido,0,1,0,5
4582,De 50 a 59 anos,Hombre,Herido,0,1,0,5
4583,De 50 a 59 anos,Hombre,Herido,0,1,0,5
4584,De 50 a 59 anos,Hombre,Herido,0,1,0,5
4585,De 50 a 59 anos,Hombre,Herido,0,1,0,5
4586,De 50 a 59 anos,Hombre,Herido,0,1,0,5
4587,De 50 a 59 anos,Hombre,Herido,0,1,0,5
4588,De 50 a 59 anos,Hombre,Herido,0,1,0,5
4589,De 50 a 59 anos,Hombre,Herido,0,1,0,5
4590,De 50 a 59 anos,Hombre,Herido,0,1,0,5
4591,De 50 a 59 anos,Hombre,Herido,0,1,0,5
4592,De 50 a 59 anos,Hombre,Herido,0,1,0,5
4593,De 50 a 59 anos,Hombre,Herido,0,1,0,5
4594,De 50 a 59 anos,Hombre,Herido,0,1,0,5
4595,De 50 a 59 anos,Hombre,Herido,0,1,0,5
4596,De 50 a 59 anos,Hombre,Herido,0,1,0,5
4597,De 50 a 59 anos,Hombre,Herido,0,1,0,5
4598,De 50 a 59 anos,Hombre,Herido,0,1,0,5
4599,De 50 a 59 anos,Hombre,Herido,0,1,0,5
4600,De 50 a 59 anos,Hombre,Herido,0,1,0,5
4601,De 50 a 59 anos,Hombre,Herido,0,1,0,5
4602,De 50 a 59 anos,Hombre,Herido,0,1,0,5
4603,De 50 a 59 anos,Hombre,Herido,0,1,0,5
4604,De 50 a 59 anos,Hombre,Herido,0,1,0,5
4605,De 50 a 59 anos,Hombre,Herido,0,1,0,5
4606,De 50 a 59 anos,Hombre,Herido,0,1,0,5
4607,De 50 a 59 anos,Hombre,Herido,0,1,0,5
4608,De 50 a 59 anos,Hombre,Herido,0,1,0,5
4609,De 50 a 59 anos,Hombre,Herido,0,1,0,5
4610,De 50 a 59 anos,Hombre,Herido,0,1,0,5
4611,De 50 a 59 anos,Hombre,Herido,0,1,0,5
4612,De 50 a 59 anos,Hombre,Herido,0,1,0,5
4613,De 50 a 59 anos,Hombre,Herido,0,1,0,5
4614,De 50 a 59 anos,Hombre,Herido,0,1,0,5
4615,De 50 a 59 anos,Hombre,Herido,0,1,0,5
4616,De 50 a 59 anos,Hombre,Herido,0,1,0,5
4617,De 50 a 59 anos,Hombre,Herido,0,1,0,5
4618,De 50 a 59 anos,Hombre,Herido,0,1,0,5
4619,De 50 a 59 anos,Hombre,Herido,0,1,0,5
4620,De 50 a 59 anos,Hombre,Herido,0,1,0,5
4621,De 50 a 59 anos,Hombre,Herido,0,1,0,5
4622,De 50 a 59 anos,Hombre,Herido,0,1,0,5
4623,De 50 a 59 anos,Hombre,Herido,0,1,0,5
4624,De 50 a 59 anos,Hombre,Herido,0,1,0,5
4625,De 50 a 59 anos,Hombre,Herido,0,1,0,5
4626,De 50 a 59 anos,Hombre,Herido,0,1,0,5
4627,De 50 a 59 anos,Hombre,Herido,0,1,0,5
4628,De 50 a 59 anos,Hombre,Herido,0,1,0,5
4629,De 50 a 59 anos,Hombre,Herido,0,1,0,5
4630,De 50 a 59 anos,Hombre,Herido,0,1,0,5
4631,De 50 a 59 anos,Hombre,Herido,0,1,0,5
4632,De 50 a 59 anos,Hombre,Herido,0,1,0,5
4633,De 50 a 59 anos,Hombre,Herido,0,1,0,5
4634,De 50 a 59 anos,Hombre,Herido,0,1,0,5
4635,De 50 a 59 anos,Hombre,Herido,0,1,0,5
4636,De 50 a 59 anos,Hombre,Herido,0,1,0,5
4637,De 50 a 59 anos,Hombre,Herido,0,1,0,5
4638,De 50 a 59 anos,Hombre,Herido,0,1,0,5
4639,De 50 a 59 anos,Hombre,Herido,0,1,0,5
4640,De 50 a 59 anos,Hombre,Herido,0,1,0,5
4641,De 50 a 59 anos,Hombre,Herido,0,1,0,5
4642,De 50 a 59 anos,Hombre,Herido,0,1,0,5
4643,De 50 a 59 anos,Hombre,Herido,0,1,0,5
4644,De 50 a 59 anos,Hombre,Herido,0,1,0,5
4645,De 50 a 59 anos,Hombre,Herido,0,1,0,5
4646,De 50 a 59 anos,Hombre,Herido,0,1,0,5
4647,De 50 a 59 anos,Hombre,Herido,0,1,0,5
4648,De 50 a 59 anos,Hombre,Herido,0,1,0,5
4649,De 50 a 59 anos,Hombre,Herido,0,1,0,5
4650,De 50 a 59 anos,Hombre,Herido,0,1,0,5
4651,De 50 a 59 anos,Hombre,Herido,0,1,0,5
4652,De 50 a 59 anos,Hombre,Herido,0,1,0,5
4653,De 50 a 59 anos,Hombre,Herido,0,1,0,5
4654,De 50 a 59 anos,Hombre,Herido,0,1,0,5
4655,De 50 a 59 anos,Hombre,Herido,0,1,0,5
4656,De 50 a 59 anos,Hombre,Herido,0,1,0,5
4657,De 50 a 59 anos,Hombre,Herido,0,1,0,5
4658,De 50 a 59 anos,Hombre,Herido,0,1,0,5
4659,De 50 a 59 anos,Hombre,Herido,0,1,0,5
4660,De 50 a 59 anos,Hombre,Herido,0,1,0,5
4661,De 50 a 59 anos,Hombre,Herido,0,1,0,5
4662,De 50 a 59 anos,Hombre,Herido,0,1,0,5
4663,De 50 a 59 anos,Hombre,Herido,0,1,0,5
4664,De 50 a 59 anos,Hombre,Herido,0,1,0,5
4665,De 50 a 59 anos,Hombre,Herido,0,1,0,5
4666,De 50 a 59 anos,Hombre,Herido,0,1,0,5
4667,De 50 a 59 anos,Hombre,Herido,0,1,0,5
4668,De 50 a 59 anos,Hombre,Herido,0,1,0,5
4669,De 50 a 59 anos,Hombre,Herido,0,1,0,5
4670,De 50 a 59 anos,Hombre,Herido,0,1,0,5
4671,De 50 a 59 anos,Hombre,Herido,0,1,0,5
4672,De 50 a 59 anos,Hombre,Herido,0,1,0,5
4673,De 50 a 59 anos,Hombre,Herido,0,1,0,5
4674,De 50 a 59 anos,Hombre,Herido,0,1,0,5
4675,De 50 a 59 anos,Hombre,Herido,0,1,0,5
4676,De 50 a 59 anos,Mujer,Herido,0,0,0,5
4677,De 50 a 59 anos,Mujer,Herido,0,0,0,5
4678,De 50 a 59 anos,Mujer,Herido,0,0,0,5
4679,De 50 a 59 anos,Mujer,Herido,0,0,0,5
4680,De 50 a 59 anos,Mujer,Herido,0,0,0,5
4681,De 50 a 59 anos,Mujer,Herido,0,0,0,5
4682,De 50 a 59 anos,Mujer,Herido,0,0,0,5
4683,De 50 a 59 anos,Mujer,Herido,0,0,0,5
4684,De 50 a 59 anos,Mujer,Herido,0,0,0,5
4685,De 50 a 59 anos,Mujer,Herido,0,0,0,5
4686,De 50 a 59 anos,Mujer,Herido,0,0,0,5
4687,De 50 a 59 anos,Mujer,Herido,0,0,0,5
4688,De 50 a 59 anos,Mujer,Herido,0,0,0,5
4689,De 50 a 59 anos,Mujer,Herido,0,0,0,5
4690,De 50 a 59 anos,Mujer,Herido,0,0,0,5
4691,De 50 a 59 anos,Mujer,Herido,0,0,0,5
4692,De 50 a 59 anos,Mujer,Herido,0,0,0,5
4693,De 50 a 59 anos,Mujer,Herido,0,0,0,5
4694,De 50 a 59 anos,Mujer,Herido,0,0,0,5
4695,De 50 a 59 anos,Mujer,Herido,0,0,0,5
4696,De 50 a 59 anos,Mujer,Herido,0,0,0,5
4697,De 50 a 59 anos,Mujer,Herido,0,0,0,5
4698,De 50 a 59 anos,Mujer,Herido,0,0,0,5
4699,De 50 a 59 anos,Mujer,Herido,0,0,0,5
4700,De 50 a 59 anos,Mujer,Herido,0,0,0,5
4701,De 50 a 59 anos,Mujer,Herido,0,0,0,5
4702,De 50 a 59 anos,Mujer,Herido,0,0,0,5
4703,De 50 a 59 anos,Mujer,Herido,0,0,0,5
4704,De 50 a 59 anos,Mujer,Herido,0,0,0,5
4705,De 50 a 59 anos,Mujer,Herido,0,0,0,5
4706,De 50 a 59 anos,Mujer,Herido,0,0,0,5
4707,De 50 a 59 anos,Mujer,Herido,0,0,0,5
4708,De 50 a 59 anos,Mujer,Herido,0,0,0,5
4709,De 50 a 59 anos,Mujer,Herido,0,0,0,5
4710,De 50 a 59 anos,Mujer,Herido,0,0,0,5
4711,De 50 a 59 anos,Mujer,Herido,0,0,0,5
4712,De 50 a 59 anos,Mujer,Herido,0,0,0,5
4713,De 50 a 59 anos,Mujer,Herido,0,0,0,5
4714,De 50 a 59 anos,Mujer,Herido,0,0,0,5
4715,De 50 a 59 anos,Mujer,Herido,0,0,0,5
4716,De 50 a 59 anos,Mujer,Herido,0,0,0,5
4717,De 50 a 59 anos,Mujer,Herido,0,0,0,5
4718,De 50 a 59 anos,Mujer,Herido,0,0,0,5
4719,De 50 a 59 anos,Mujer,Herido,0,0,0,5
4720,De 50 a 59 anos,Mujer,Herido,0,0,0,5
4721,De 50 a 59 anos,Mujer,Herido,0,0,0,5
4722,De 50 a 59 anos,Mujer,Herido,0,0,0,5
4723,De 50 a 59 anos,Mujer,Herido,0,0,0,5
4724,De 50 a 59 anos,Mujer,Herido,0,0,0,5
4725,De 50 a 59 anos,Mujer,Herido,0,0,0,5
4726,De 50 a 59 anos,Mujer,Herido,0,0,0,5
4727,De 50 a 59 anos,Mujer,Herido,0,0,0,5
4728,De 50 a 59 anos,Mujer,Herido,0,0,0,5
4729,De 50 a 59 anos,Mujer,Herido,0,0,0,5
4730,De 50 a 59 anos,Mujer,Herido,0,0,0,5
4731,De 50 a 59 anos,Mujer,Herido,0,0,0,5
4732,De 50 a 59 anos,Mujer,Herido,0,0,0,5
4733,De 50 a 59 anos,Mujer,Herido,0,0,0,5
4734,De 50 a 59 anos,Hombre,Fallecido,1,1,0,5
4735,De 50 a 59 anos,Hombre,Fallecido,1,1,0,5
4736,De 50 a 59 anos,Hombre,Fallecido,1,1,0,5
4737,De 50 a 59 anos,Hombre,Fallecido,1,1,0,5
4738,De 50 a 59 anos,Hombre,Fallecido,1,1,0,5
4739,De 50 a 59 anos,Hombre,Fallecido,1,1,0,5
4740,De 50 a 59 anos,Hombre,Fallecido,1,1,0,5
4741,De 50 a 59 anos,Hombre,Fallecido,1,1,0,5
4742,De 50 a 59 anos,Hombre,Fallecido,1,1,0,5
4743,De 50 a 59 anos,Hombre,Fallecido,1,1,0,5
4744,De 50 a 59 anos,Hombre,Fallecido,1,1,0,5
4745,De 50 a 59 anos,Hombre,Fallecido,1,1,0,5
4746,De 50 a 59 anos,Hombre,Fallecido,1,1,0,5
4747,De 50 a 59 anos,Hombre,Fallecido,1,1,0,5
4748,De 50 a 59 anos,Hombre,Fallecido,1,1,0,5
4749,De 50 a 59 anos,Hombre,Fallecido,1,1,0,5
4750,De 50 a 59 anos,Hombre,Fallecido,1,1,0,5
4751,De 50 a 59 anos,Hombre,Fallecido,1,1,0,5
4752,De 50 a 59 anos,Hombre,Fallecido,1,1,0,5
4753,De 50 a 59 anos,Hombre,Fallecido,1,1,0,5
4754,De 50 a 59 anos,Hombre,Fallecido,1,1,0,5
4755,De 50 a 59 anos,Hombre,Fallecido,1,1,0,5
4756,De 50 a 59 anos,Hombre,Fallecido,1,1,0,5
4757,De 50 a 59 anos,Hombre,Fallecido,1,1,0,5
4758,De 50 a 59 anos,Hombre,Fallecido,1,1,0,5
4759,De 50 a 59 anos,Hombre,Fallecido,1,1,0,5
4760,De 50 a 59 anos,Hombre,Fallecido,1,1,0,5
4761,De 50 a 59 anos,Hombre,Fallecido,1,1,0,5
4762,De 50 a 59 anos,Hombre,Fallecido,1,1,0,5
4763,De 50 a 59 anos,Hombre,Fallecido,1,1,0,5
4764,De 50 a 59 anos,Hombre,Fallecido,1,1,0,5
4765,De 50 a 59 anos,Hombre,Fallecido,1,1,0,5
4766,De 50 a 59 anos,Hombre,Fallecido,1,1,0,5
4767,De 50 a 59 anos,Hombre,Fallecido,1,1,0,5
4768,De 50 a 59 anos,Hombre,Fallecido,1,1,0,5
4769,De 50 a 59 anos,Hombre,Fallecido,1,1,0,5
4770,De 50 a 59 anos,Hombre,Fallecido,1,1,0,5
4771,De 50 a 59 anos,Hombre,Fallecido,1,1,0,5
4772,De 50 a 59 anos,Hombre,Fallecido,1,1,0,5
4773,De 50 a 59 anos,Hombre,Fallecido,1,1,0,5
4774,De 50 a 59 anos,Hombre,Fallecido,1,1,0,5
4775,De 50 a 59 anos,Hombre,Fallecido,1,1,0,5
4776,De 50 a 59 anos,Hombre,Fallecido,1,1,0,5
4777,De 50 a 59 anos,Hombre,Fallecido,1,1,0,5
4778,De 50 a 59 anos,Hombre,Fallecido,1,1,0,5
4779,De 50 a 59 anos,Hombre,Fallecido,1,1,0,5
4780,De 50 a 59 anos,Hombre,Fallecido,1,1,0,5
4781,De 50 a 59 anos,Hombre,Fallecido,1,1,0,5
4782,De 50 a 59 anos,Hombre,Fallecido,1,1,0,5
4783,De 50 a 59 anos,Hombre,Fallecido,1,1,0,5
4784,De 50 a 59 anos,Hombre,Fallecido,1,1,0,5
4785,De 50 a 59 anos,Hombre,Fallecido,1,1,0,5
4786,De 50 a 59 anos,Hombre,Fallecido,1,1,0,5
4787,De 50 a 59 anos,Hombre,Fallecido,1,1,0,5
4788,De 50 a 59 anos,Hombre,Fallecido,1,1,0,5
4789,De 50 a 59 anos,Hombre,Fallecido,1,1,0,5
4790,De 50 a 59 anos,Hombre,Fallecido,1,1,0,5
4791,De 50 a 59 anos,Hombre,Fallecido,1,1,0,5
4792,De 50 a 59 anos,Hombre,Fallecido,1,1,0,5
4793,De 50 a 59 anos,Hombre,Fallecido,1,1,0,5
4794,De 50 a 59 anos,Hombre,Fallecido,1,1,0,5
4795,De 50 a 59 anos,Hombre,Fallecido,1,1,0,5
4796,De 50 a 59 anos,Hombre,Fallecido,1,1,0,5
4797,De 50 a 59 anos,Hombre,Fallecido,1,1,0,5
4798,De 50 a 59 anos,Hombre,Fallecido,1,1,0,5
4799,De 50 a 59 anos,Hombre,Fallecido,1,1,0,5
4800,De 50 a 59 anos,Hombre,Fallecido,1,1,0,5
4801,De 50 a 59 anos,Hombre,Fallecido,1,1,0,5
4802,De 50 a 59 anos,Hombre,Fallecido,1,1,0,5
4803,De 50 a 59 anos,Hombre,Fallecido,1,1,0,5
4804,De 50 a 59 anos,Hombre,Fallecido,1,1,0,5
4805,De 50 a 59 anos,Hombre,Fallecido,1,1,0,5
4806,De 50 a 59 anos,Hombre,Fallecido,1,1,0,5
4807,De 50 a 59 anos,Hombre,Fallecido,1,1,0,5
4808,De 50 a 59 anos,Hombre,Fallecido,1,1,0,5
4809,De 50 a 59 anos,Hombre,Fallecido,1,1,0,5
4810,De 50 a 59 anos,Hombre,Fallecido,1,1,0,5
4811,De 50 a 59 anos,Hombre,Fallecido,1,1,0,5
4812,De 50 a 59 anos,Hombre,Fallecido,1,1,0,5
4813,De 50 a 59 anos,Hombre,Fallecido,1,1,0,5
4814,De 50 a 59 anos,Hombre,Fallecido,1,1,0,5
4815,De 50 a 59 anos,Hombre,Fallecido,1,1,0,5
4816,De 50 a 59 anos,Hombre,Fallecido,1,1,0,5
4817,De 50 a 59 anos,Hombre,Fallecido,1,1,0,5
4818,De 50 a 59 anos,Hombre,Fallecido,1,1,0,5
4819,De 50 a 59 anos,Hombre,Fallecido,1,1,0,5
4820,De 50 a 59 anos,Hombre,Fallecido,1,1,0,5
4821,De 50 a 59 anos,Hombre,Fallecido,1,1,0,5
4822,De 50 a 59 anos,Hombre,Fallecido,1,1,0,5
4823,De 50 a 59 anos,Mujer,Fallecido,1,0,0,5
4824,De 50 a 59 anos,Mujer,Fallecido,1,0,0,5
4825,De 50 a 59 anos,Mujer,Fallecido,1,0,0,5
4826,De 50 a 59 anos,Mujer,Fallecido,1,0,0,5
4827,De 50 a 59 anos,Mujer,Fallecido,1,0,0,5
4828,De 50 a 59 anos,Mujer,Fallecido,1,0,0,5
4829,De 50 a 59 anos,Mujer,Fallecido,1,0,0,5
4830,De 50 a 59 anos,Mujer,Fallecido,1,0,0,5
4831,De 50 a 59 anos,Mujer,Fallecido,1,0,0,5
4832,De 50 a 59 anos,Mujer,Fallecido,1,0,0,5
4833,De 60 anos y mas,Hombre,Herido,0,1,1,6
4834,De 60 anos y mas,Hombre,Herido,0,1,1,6
4835,De 60 anos y mas,Hombre,Herido,0,1,1,6
4836,De 60 anos y mas,Hombre,Herido,0,1,1,6
4837,De 60 anos y mas,Hombre,Herido,0,1,1,6
4838,De 60 anos y mas,Hombre,Herido,0,1,1,6
4839,De 60 anos y mas,Hombre,Herido,0,1,1,6
4840,De 60 anos y mas,Hombre,Herido,0,1,1,6
4841,De 60 anos y mas,Hombre,Herido,0,1,1,6
4842,De 60 anos y mas,Hombre,Herido,0,1,1,6
4843,De 60 anos y mas,Hombre,Herido,0,1,1,6
4844,De 60 anos y mas,Hombre,Herido,0,1,1,6
4845,De 60 anos y mas,Hombre,Herido,0,1,1,6
4846,De 60 anos y mas,Hombre,Herido,0,1,1,6
4847,De 60 anos y mas,Hombre,Herido,0,1,1,6
4848,De 60 anos y mas,Hombre,Herido,0,1,1,6
4849,De 60 anos y mas,Hombre,Herido,0,1,1,6
4850,De 60 anos y mas,Hombre,Herido,0,1,1,6
4851,De 60 anos y mas,Hombre,Herido,0,1,1,6
4852,De 60 anos y mas,Hombre,Herido,0,1,1,6
4853,De 60 anos y mas,Hombre,Herido,0,1,1,6
4854,De 60 anos y mas,Hombre,Herido,0,1,1,6
4855,De 60 anos y mas,Hombre,Herido,0,1,1,6
4856,De 60 anos y mas,Hombre,Herido,0,1,1,6
4857,De 60 anos y mas,Hombre,Herido,0,1,1,6
4858,De 60 anos y mas,Hombre,Herido,0,1,1,6
4859,De 60 anos y mas,Hombre,Herido,0,1,1,6
4860,De 60 anos y mas,Hombre,Herido,0,1,1,6
4861,De 60 anos y mas,Hombre,Herido,0,1,1,6
4862,De 60 anos y mas,Hombre,Herido,0,1,1,6
4863,De 60 anos y mas,Hombre,Herido,0,1,1,6
4864,De 60 anos y mas,Hombre,Herido,0,1,1,6
4865,De 60 anos y mas,Hombre,Herido,0,1,1,6
4866,De 60 anos y mas,Hombre,Herido,0,1,1,6
4867,De 60 anos y mas,Hombre,Herido,0,1,1,6
4868,De 60 anos y mas,Hombre,Herido,0,1,1,6
4869,De 60 anos y mas,Hombre,Herido,0,1,1,6
4870,De 60 anos y mas,Hombre,Herido,0,1,1,6
4871,De 60 anos y mas,Hombre,Herido,0,1,1,6
4872,De 60 anos y mas,Hombre,Herido,0,1,1,6
4873,De 60 anos y mas,Hombre,Herido,0,1,1,6
4874,De 60 anos y mas,Hombre,Herido,0,1,1,6
4875,De 60 anos y mas,Hombre,Herido,0,1,1,6
4876,De 60 anos y mas,Hombre,Herido,0,1,1,6
4877,De 60 anos y mas,Hombre,Herido,0,1,1,6
4878,De 60 anos y mas,Hombre,Herido,0,1,1,6
4879,De 60 anos y mas,Hombre,Herido,0,1,1,6
4880,De 60 anos y mas,Hombre,Herido,0,1,1,6
4881,De 60 anos y mas,Hombre,Herido,0,1,1,6
4882,De 60 anos y mas,Hombre,Herido,0,1,1,6
4883,De 60 anos y mas,Hombre,Herido,0,1,1,6
4884,De 60 anos y mas,Hombre,Herido,0,1,1,6
4885,De 60 anos y mas,Hombre,Herido,0,1,1,6
4886,De 60 anos y mas,Hombre,Herido,0,1,1,6
4887,De 60 anos y mas,Hombre,Herido,0,1,1,6
4888,De 60 anos y mas,Hombre,Herido,0,1,1,6
4889,De 60 anos y mas,Hombre,Herido,0,1,1,6
4890,De 60 anos y mas,Hombre,Herido,0,1,1,6
4891,De 60 anos y mas,Hombre,Herido,0,1,1,6
4892,De 60 anos y mas,Hombre,Herido,0,1,1,6
4893,De 60 anos y mas,Hombre,Herido,0,1,1,6
4894,De 60 anos y mas,Hombre,Herido,0,1,1,6
4895,De 60 anos y mas,Hombre,Herido,0,1,1,6
4896,De 60 anos y mas,Hombre,Herido,0,1,1,6
4897,De 60 anos y mas,Hombre,Herido,0,1,1,6
4898,De 60 anos y mas,Hombre,Herido,0,1,1,6
4899,De 60 anos y mas,Hombre,Herido,0,1,1,6
4900,De 60 anos y mas,Hombre,Herido,0,1,1,6
4901,De 60 anos y mas,Hombre,Herido,0,1,1,6
4902,De 60 anos y mas,Hombre,Herido,0,1,1,6
4903,De 60 anos y mas,Hombre,Herido,0,1,1,6
4904,De 60 anos y mas,Hombre,Herido,0,1,1,6
4905,De 60 anos y mas,Hombre,Herido,0,1,1,6
4906,De 60 anos y mas,Hombre,Herido,0,1,1,6
4907,De 60 anos y mas,Hombre,Herido,0,1,1,6
4908,De 60 anos y mas,Hombre,Herido,0,1,1,6
4909,De 60 anos y mas,Hombre,Herido,0,1,1,6
4910,De 60 anos y mas,Hombre,Herido,0,1,1,6
4911,De 60 anos y mas,Hombre,Herido,0,1,1,6
4912,De 60 anos y mas,Hombre,Herido,0,1,1,6
4913,De 60 anos y mas,Hombre,Herido,0,1,1,6
4914,De 60 anos y mas,Hombre,Herido,0,1,1,6
4915,De 60 anos y mas,Hombre,Herido,0,1,1,6
4916,De 60 anos y mas,Hombre,Herido,0,1,1,6
4917,De 60 anos y mas,Hombre,Herido,0,1,1,6
4918,De 60 anos y mas,Hombre,Herido,0,1,1,6
4919,De 60 anos y mas,Hombre,Herido,0,1,1,6
4920,De 60 anos y mas,Hombre,Herido,0,1,1,6
4921,De 60 anos y mas,Hombre,Herido,0,1,1,6
4922,De 60 anos y mas,Hombre,Herido,0,1,1,6
4923,De 60 anos y mas,Hombre,Herido,0,1,1,6
4924,De 60 anos y mas,Hombre,Herido,0,1,1,6
4925,De 60 anos y mas,Hombre,Herido,0,1,1,6
4926,De 60 anos y mas,Hombre,Herido,0,1,1,6
4927,De 60 anos y mas,Hombre,Herido,0,1,1,6
4928,De 60 anos y mas,Hombre,Herido,0,1,1,6
4929,De 60 anos y mas,Hombre,Herido,0,1,1,6
4930,De 60 anos y mas,Hombre,Herido,0,1,1,6
4931,De 60 anos y mas,Hombre,Herido,0,1,1,6
4932,De 60 anos y mas,Hombre,Herido,0,1,1,6
4933,De 60 anos y mas,Hombre,Herido,0,1,1,6
4934,De 60 anos y mas,Hombre,Herido,0,1,1,6
4935,De 60 anos y mas,Hombre,Herido,0,1,1,6
4936,De 60 anos y mas,Hombre,Herido,0,1,1,6
4937,De 60 anos y mas,Hombre,Herido,0,1,1,6
4938,De 60 anos y mas,Hombre,Herido,0,1,1,6
4939,De 60 anos y mas,Hombre,Herido,0,1,1,6
4940,De 60 anos y mas,Hombre,Herido,0,1,1,6
4941,De 60 anos y mas,Hombre,Herido,0,1,1,6
4942,De 60 anos y mas,Hombre,Herido,0,1,1,6
4943,De 60 anos y mas,Hombre,Herido,0,1,1,6
4944,De 60 anos y mas,Hombre,Herido,0,1,1,6
4945,De 60 anos y mas,Hombre,Herido,0,1,1,6
4946,De 60 anos y mas,Hombre,Herido,0,1,1,6
4947,De 60 anos y mas,Hombre,Herido,0,1,1,6
4948,De 60 anos y mas,Hombre,Herido,0,1,1,6
4949,De 60 anos y mas,Hombre,Herido,0,1,1,6
4950,De 60 anos y mas,Hombre,Herido,0,1,1,6
4951,De 60 anos y mas,Hombre,Herido,0,1,1,6
4952,De 60 anos y mas,Hombre,Herido,0,1,1,6
4953,De 60 anos y mas,Hombre,Herido,0,1,1,6
4954,De 60 anos y mas,Hombre,Herido,0,1,1,6
4955,De 60 anos y mas,Hombre,Herido,0,1,1,6
4956,De 60 anos y mas,Hombre,Herido,0,1,1,6
4957,De 60 anos y mas,Hombre,Herido,0,1,1,6
4958,De 60 anos y mas,Hombre,Herido,0,1,1,6
4959,De 60 anos y mas,Hombre,Herido,0,1,1,6
4960,De 60 anos y mas,Hombre,Herido,0,1,1,6
4961,De 60 anos y mas,Hombre,Herido,0,1,1,6
4962,De 60 anos y mas,Hombre,Herido,0,1,1,6
4963,De 60 anos y mas,Hombre,Herido,0,1,1,6
4964,De 60 anos y mas,Hombre,Herido,0,1,1,6
4965,De 60 anos y mas,Hombre,Herido,0,1,1,6
4966,De 60 anos y mas,Hombre,Herido,0,1,1,6
4967,De 60 anos y mas,Hombre,Herido,0,1,1,6
4968,De 60 anos y mas,Hombre,Herido,0,1,1,6
4969,De 60 anos y mas,Hombre,Herido,0,1,1,6
4970,De 60 anos y mas,Hombre,Herido,0,1,1,6
4971,De 60 anos y mas,Hombre,Herido,0,1,1,6
4972,De 60 anos y mas,Hombre,Herido,0,1,1,6
4973,De 60 anos y mas,Hombre,Herido,0,1,1,6
4974,De 60 anos y mas,Hombre,Herido,0,1,1,6
4975,De 60 anos y mas,Hombre,Herido,0,1,1,6
4976,De 60 anos y mas,Hombre,Herido,0,1,1,6
4977,De 60 anos y mas,Hombre,Herido,0,1,1,6
4978,De 60 anos y mas,Hombre,Herido,0,1,1,6
4979,De 60 anos y mas,Hombre,Herido,0,1,1,6
4980,De 60 anos y mas,Hombre,Herido,0,1,1,6
4981,De 60 anos y mas,Hombre,Herido,0,1,1,6
4982,De 60 anos y mas,Hombre,Herido,0,1,1,6
4983,De 60 anos y mas,Hombre,Herido,0,1,1,6
4984,De 60 anos y mas,Hombre,Herido,0,1,1,6
4985,De 60 anos y mas,Hombre,Herido,0,1,1,6
4986,De 60 anos y mas,Hombre,Herido,0,1,1,6
4987,De 60 anos y mas,Hombre,Herido,0,1,1,6
4988,De 60 anos y mas,Mujer,Herido,0,0,1,6
4989,De 60 anos y mas,Mujer,Herido,0,0,1,6
4990,De 60 anos y mas,Mujer,Herido,0,0,1,6
4991,De 60 anos y mas,Mujer,Herido,0,0,1,6
4992,De 60 anos y mas,Mujer,Herido,0,0,1,6
4993,De 60 anos y mas,Mujer,Herido,0,0,1,6
4994,De 60 anos y mas,Mujer,Herido,0,0,1,6
4995,De 60 anos y mas,Mujer,Herido,0,0,1,6
4996,De 60 anos y mas,Mujer,Herido,0,0,1,6
4997,De 60 anos y mas,Mujer,Herido,0,0,1,6
4998,De 60 anos y mas,Mujer,Herido,0,0,1,6
4999,De 60 anos y mas,Mujer,Herido,0,0,1,6
5000,De 60 anos y mas,Mujer,Herido,0,0,1,6
5001,De 60 anos y mas,Mujer,Herido,0,0,1,6
5002,De 60 anos y mas,Mujer,Herido,0,0,1,6
5003,De 60 anos y mas,Mujer,Herido,0,0,1,6
5004,De 60 anos y mas,Mujer,Herido,0,0,1,6
5005,De 60 anos y mas,Mujer,Herido,0,0,1,6
5006,De 60 anos y mas,Mujer,Herido,0,0,1,6
5007,De 60 anos y mas,Mujer,Herido,0,0,1,6
5008,De 60 anos y mas,Mujer,Herido,0,0,1,6
5009,De 60 anos y mas,Mujer,Herido,0,0,1,6
5010,De 60 anos y mas,Mujer,Herido,0,0,1,6
5011,De 60 anos y mas,Mujer,Herido,0,0,1,6
5012,De 60 anos y mas,Mujer,Herido,0,0,1,6
5013,De 60 anos y mas,Mujer,Herido,0,0,1,6
5014,De 60 anos y mas,Mujer,Herido,0,0,1,6
5015,De 60 anos y mas,Mujer,Herido,0,0,1,6
5016,De 60 anos y mas,Mujer,Herido,0,0,1,6
5017,De 60 anos y mas,Mujer,Herido,0,0,1,6
5018,De 60 anos y mas,Mujer,Herido,0,0,1,6
5019,De 60 anos y mas,Mujer,Herido,0,0,1,6
5020,De 60 anos y mas,Mujer,Herido,0,0,1,6
5021,De 60 anos y mas,Mujer,Herido,0,0,1,6
5022,De 60 anos y mas,Mujer,Herido,0,0,1,6
5023,De 60 anos y mas,Mujer,Herido,0,0,1,6
5024,De 60 anos y mas,Mujer,Herido,0,0,1,6
5025,De 60 anos y mas,Mujer,Herido,0,0,1,6
5026,De 60 anos y mas,Mujer,Herido,0,0,1,6
5027,De 60 anos y mas,Mujer,Herido,0,0,1,6
5028,De 60 anos y mas,Mujer,Herido,0,0,1,6
5029,De 60 anos y mas,Mujer,Herido,0,0,1,6
5030,De 60 anos y mas,Mujer,Herido,0,0,1,6
5031,De 60 anos y mas,Mujer,Herido,0,0,1,6
5032,De 60 anos y mas,Mujer,Herido,0,0,1,6
5033,De 60 anos y mas,Mujer,Herido,0,0,1,6
5034,De 60 anos y mas,Mujer,Herido,0,0,1,6
5035,De 60 anos y mas,Hombre,Fallecido,1,1,1,6
5036,De 60 anos y mas,Hombre,Fallecido,1,1,1,6
5037,De 60 anos y mas,Hombre,Fallecido,1,1,1,6
5038,De 60 anos y mas,Hombre,Fallecido,1,1,1,6
5039,De 60 anos y mas,Hombre,Fallecido,1,1,1,6
5040,De 60 anos y mas,Hombre,Fallecido,1,1,1,6
5041,De 60 anos y mas,Hombre,Fallecido,1,1,1,6
5042,De 60 anos y mas,Hombre,Fallecido,1,1,1,6
5043,De 60 anos y mas,Hombre,Fallecido,1,1,1,6
5044,De 60 anos y mas,Hombre,Fallecido,1,1,1,6
5045,De 60 anos y mas,Hombre,Fallecido,1,1,1,6
5046,De 60 anos y mas,Hombre,Fallecido,1,1,1,6
5047,De 60 anos y mas,Hombre,Fallecido,1,1,1,6
5048,De 60 anos y mas,Hombre,Fallecido,1,1,1,6
5049,De 60 anos y mas,Hombre,Fallecido,1,1,1,6
5050,De 60 anos y mas,Hombre,Fallecido,1,1,1,6
5051,De 60 anos y mas,Hombre,Fallecido,1,1,1,6
5052,De 60 anos y mas,Hombre,Fallecido,1,1,1,6
5053,De 60 anos y mas,Hombre,Fallecido,1,1,1,6
5054,De 60 anos y mas,Hombre,Fallecido,1,1,1,6
5055,De 60 anos y mas,Hombre,Fallecido,1,1,1,6
5056,De 60 anos y mas,Hombre,Fallecido,1,1,1,6
5057,De 60 anos y mas,Hombre,Fallecido,1,1,1,6
5058,De 60 anos y mas,Hombre,Fallecido,1,1,1,6
5059,De 60 anos y mas,Hombre,Fallecido,1,1,1,6
5060,De 60 anos y mas,Hombre,Fallecido,1,1,1,6
5061,De 60 anos y mas,Hombre,Fallecido,1,1,1,6
5062,De 60 anos y mas,Hombre,Fallecido,1,1,1,6
5063,De 60 anos y mas,Hombre,Fallecido,1,1,1,6
5064,De 60 anos y mas,Hombre,Fallecido,1,1,1,6
5065,De 60 anos y mas,Hombre,Fallecido,1,1,1,6
5066,De 60 anos y mas,Hombre,Fallecido,1,1,1,6
5067,De 60 anos y mas,Hombre,Fallecido,1,1,1,6
5068,De 60 anos y mas,Hombre,Fallecido,1,1,1,6
5069,De 60 anos y mas,Hombre,Fallecido,1,1,1,6
5070,De 60 anos y mas,Hombre,Fallecido,1,1,1,6
5071,De 60 anos y mas,Hombre,Fallecido,1,1,1,6
5072,De 60 anos y mas,Hombre,Fallecido,1,1,1,6
5073,De 60 anos y mas,Hombre,Fallecido,1,1,1,6
5074,De 60 anos y mas,Hombre,Fallecido,1,1,1,6
5075,De 60 anos y mas,Hombre,Fallecido,1,1,1,6
5076,De 60 anos y mas,Hombre,Fallecido,1,1,1,6
5077,De 60 anos y mas,Hombre,Fallecido,1,1,1,6
5078,De 60 anos y mas,Hombre,Fallecido,1,1,1,6
5079,De 60 anos y mas,Hombre,Fallecido,1,1,1,6
5080,De 60 anos y mas,Hombre,Fallecido,1,1,1,6
5081,De 60 anos y mas,Hombre,Fallecido,1,1,1,6
5082,De 60 anos y mas,Hombre,Fallecido,1,1,1,6
5083,De 60 anos y mas,Hombre,Fallecido,1,1,1,6
5084,De 60 anos y mas,Hombre,Fallecido,1,1,1,6
5085,De 60 anos y mas,Hombre,Fallecido,1,1,1,6
5086,De 60 anos y mas,Hombre,Fallecido,1,1,1,6
5087,De 60 anos y mas,Hombre,Fallecido,1,1,1,6
5088,De 60 anos y mas,Hombre,Fallecido,1,1,1,6
5089,De 60 anos y mas,Hombre,Fallecido,1,1,1,6
5090,De 60 anos y mas,Hombre,Fallecido,1,1,1,6
5091,De 60 anos y mas,Hombre,Fallecido,1,1,1,6
5092,De 60 anos y mas,Hombre,Fallecido,1,1,1,6
5093,De 60 anos y mas,Hombre,Fallecido,1,1,1,6
5094,De 60 anos y mas,Hombre,Fallecido,1,1,1,6
5095,De 60 anos y mas,Hombre,Fallecido,1,1,1,6
5096,De 60 anos y mas,Hombre,Fallecido,1,1,1,6
5097,De 60 anos y mas,Hombre,Fallecido,1,1,1,6
5098,De 60 anos y mas,Hombre,Fallecido,1,1,1,6
5099,De 60 anos y mas,Hombre,Fallecido,1,1,1,6
5100,De 60 anos y mas,Hombre,Fallecido,1,1,1,6
5101,De 60 anos y mas,Hombre,Fallecido,1,1,1,6
5102,De 60 anos y mas,Hombre,Fallecido,1,1,1,6
5103,De 60 anos y mas,Hombre,Fallecido,1,1,1,6
5104,De 60 anos y mas,Hombre,Fallecido,1,1,1,6
5105,De 60 anos y mas,Hombre,Fallecido,1,1,1,6
5106,De 60 anos y mas,Hombre,Fallecido,1,1,1,6
5107,De 60 anos y mas,Hombre,Fallecido,1,1,1,6
5108,De 60 anos y mas,Hombre,Fallecido,1,1,1,6
5109,De 60 anos y mas,Hombre,Fallecido,1,1,1,6
5110,De 60 anos y mas,Hombre,Fallecido,1,1,1,6
5111,De 60 anos y mas,Hombre,Fallecido,1,1,1,6
5112,De 60 anos y mas,Hombre,Fallecido,1,1,1,6
5113,De 60 anos y mas,Hombre,Fallecido,1,1,1,6
5114,De 60 anos y mas,Hombre,Fallecido,1,1,1,6
5115,De 60 anos y mas,Hombre,Fallecido,1,1,1,6
5116,De 60 anos y mas,Hombre,Fallecido,1,1,1,6
5117,De 60 anos y mas,Hombre,Fallecido,1,1,1,6
5118,De 60 anos y mas,Hombre,Fallecido,1,1,1,6
5119,De 60 anos y mas,Hombre,Fallecido,1,1,1,6
5120,De 60 anos y mas,Hombre,Fallecido,1,1,1,6
5121,De 60 anos y mas,Hombre,Fallecido,1,1,1,6
5122,De 60 anos y mas,Hombre,Fallecido,1,1,1,6
5123,De 60 anos y mas,Hombre,Fallecido,1,1,1,6
5124,De 60 anos y mas,Hombre,Fallecido,1,1,1,6
5125,De 60 anos y mas,Mujer,Fallecido,1,0,1,6
5126,De 60 anos y mas,Mujer,Fallecido,1,0,1,6
5127,De 60 anos y mas,Mujer,Fallecido,1,0,1,6
5128,De 60 anos y mas,Mujer,Fallecido,1,0,1,6
5129,De 60 anos y mas,Mujer,Fallecido,1,0,1,6
5130,De 60 anos y mas,Mujer,Fallecido,1,0,1,6
5131,De 60 anos y mas,Mujer,Fallecido,1,0,1,6
5132,De 60 anos y mas,Mujer,Fallecido,1,0,1,6
5133,De 60 anos y mas,Mujer,Fallecido,1,0,1,6
5134,De 60 anos y mas,Mujer,Fallecido,1,0,1,6
5135,De 60 anos y mas,Mujer,Fallecido,1,0,1,6
5136,De 60 anos y mas,Mujer,Fallecido,1,0,1,6
5137,De 60 anos y mas,Mujer,Fallecido,1,0,1,6
5138,De 60 anos y mas,Mujer,Fallecido,1,0,1,6
5139,De 60 anos y mas,Mujer,Fallecido,1,0,1,6
5140,De 60 anos y mas,Mujer,Fallecido,1,0,1,6
5141,Ignorado,Hombre,Herido,0,1,0,-1
5142,Ignorado,Hombre,Herido,0,1,0,-1
5143,Ignorado,Hombre,Herido,0,1,0,-1
5144,Ignorado,Hombre,Herido,0,1,0,-1
5145,Ignorado,Hombre,Herido,0,1,0,-1
5146,Ignorado,Hombre,Herido,0,1,0,-1
5147,Ignorado,Hombre,Herido,0,1,0,-1
5148,Ignorado,Hombre,Herido,0,1,0,-1
5149,Ignorado,Hombre,Herido,0,1,0,-1
5150,Ignorado,Hombre,Herido,0,1,0,-1
5151,Ignorado,Hombre,Herido,0,1,0,-1
5152,Ignorado,Hombre,Herido,0,1,0,-1
5153,Ignorado,Hombre,Herido,0,1,0,-1
5154,Ignorado,Hombre,Herido,0,1,0,-1
5155,Ignorado,Hombre,Herido,0,1,0,-1
5156,Ignorado,Hombre,Herido,0,1,0,-1
5157,Ignorado,Hombre,Herido,0,1,0,-1
5158,Ignorado,Hombre,Herido,0,1,0,-1
5159,Ignorado,Hombre,Herido,0,1,0,-1
5160,Ignorado,Hombre,Herido,0,1,0,-1
5161,Ignorado,Hombre,Herido,0,1,0,-1
5162,Ignorado,Hombre,Herido,0,1,0,-1
5163,Ignorado,Hombre,Herido,0,1,0,-1
5164,Ignorado,Hombre,Herido,0,1,0,-1
5165,Ignorado,Hombre,Herido,0,1,0,-1
5166,Ignorado,Hombre,Herido,0,1,0,-1
5167,Ignorado,Hombre,Herido,0,1,0,-1
5168,Ignorado,Hombre,Herido,0,1,0,-1
5169,Ignorado,Hombre,Herido,0,1,0,-1
5170,Ignorado,Hombre,Herido,0,1,0,-1
5171,Ignorado,Hombre,Herido,0,1,0,-1
5172,Ignorado,Hombre,Herido,0,1,0,-1
5173,Ignorado,Hombre,Herido,0,1,0,-1
5174,Ignorado,Hombre,Herido,0,1,0,-1
5175,Ignorado,Hombre,Herido,0,1,0,-1
5176,Ignorado,Hombre,Herido,0,1,0,-1
5177,Ignorado,Hombre,Herido,0,1,0,-1
5178,Ignorado,Hombre,Herido,0,1,0,-1
5179,Ignorado,Hombre,Herido,0,1,0,-1
5180,Ignorado,Hombre,Herido,0,1,0,-1
5181,Ignorado,Hombre,Herido,0,1,0,-1
5182,Ignorado,Hombre,Herido,0,1,0,-1
5183,Ignorado,Hombre,Herido,0,1,0,-1
5184,Ignorado,Hombre,Herido,0,1,0,-1
5185,Ignorado,Hombre,Herido,0,1,0,-1
5186,Ignorado,Hombre,Herido,0,1,0,-1
5187,Ignorado,Hombre,Herido,0,1,0,-1
5188,Ignorado,Hombre,Herido,0,1,0,-1
5189,Ignorado,Hombre,Herido,0,1,0,-1
5190,Ignorado,Hombre,Herido,0,1,0,-1
5191,Ignorado,Hombre,Herido,0,1,0,-1
5192,Ignorado,Hombre,Herido,0,1,0,-1
5193,Ignorado,Hombre,Herido,0,1,0,-1
5194,Ignorado,Hombre,Herido,0,1,0,-1
5195,Ignorado,Hombre,Herido,0,1,0,-1
5196,Ignorado,Hombre,Herido,0,1,0,-1
5197,Ignorado,Hombre,Herido,0,1,0,-1
5198,Ignorado,Hombre,Herido,0,1,0,-1
5199,Ignorado,Hombre,Herido,0,1,0,-1
5200,Ignorado,Hombre,Herido,0,1,0,-1
5201,Ignorado,Hombre,Herido,0,1,0,-1
5202,Ignorado,Hombre,Herido,0,1,0,-1
5203,Ignorado,Hombre,Herido,0,1,0,-1
5204,Ignorado,Hombre,Herido,0,1,0,-1
5205,Ignorado,Hombre,Herido,0,1,0,-1
5206,Ignorado,Hombre,Herido,0,1,0,-1
5207,Ignorado,Hombre,Herido,0,1,0,-1
5208,Ignorado,Hombre,Herido,0,1,0,-1
5209,Ignorado,Hombre,Herido,0,1,0,-1
5210,Ignorado,Hombre,Herido,0,1,0,-1
5211,Ignorado,Hombre,Herido,0,1,0,-1
5212,Ignorado,Hombre,Herido,0,1,0,-1
5213,Ignorado,Hombre,Herido,0,1,0,-1
5214,Ignorado,Hombre,Herido,0,1,0,-1
5215,Ignorado,Hombre,Herido,0,1,0,-1
5216,Ignorado,Hombre,Herido,0,1,0,-1
5217,Ignorado,Hombre,Herido,0,1,0,-1
5218,Ignorado,Hombre,Herido,0,1,0,-1
5219,Ignorado,Hombre,Herido,0,1,0,-1
5220,Ignorado,Hombre,Herido,0,1,0,-1
5221,Ignorado,Hombre,Herido,0,1,0,-1
5222,Ignorado,Hombre,Herido,0,1,0,-1
5223,Ignorado,Hombre,Herido,0,1,0,-1
5224,Ignorado,Hombre,Herido,0,1,0,-1
5225,Ignorado,Hombre,Herido,0,1,0,-1
5226,Ignorado,Hombre,Herido,0,1,0,-1
5227,Ignorado,Hombre,Herido,0,1,0,-1
5228,Ignorado,Hombre,Herido,0,1,0,-1
5229,Ignorado,Hombre,Herido,0,1,0,-1
5230,Ignorado,Hombre,Herido,0,1,0,-1
5231,Ignorado,Hombre,Herido,0,1,0,-1
5232,Ignorado,Hombre,Herido,0,1,0,-1
5233,Ignorado,Hombre,Herido,0,1,0,-1
5234,Ignorado,Hombre,Herido,0,1,0,-1
5235,Ignorado,Hombre,Herido,0,1,0,-1
5236,Ignorado,Hombre,Herido,0,1,0,-1
5237,Ignorado,Hombre,Herido,0,1,0,-1
5238,Ignorado,Hombre,Herido,0,1,0,-1
5239,Ignorado,Hombre,Herido,0,1,0,-1
5240,Ignorado,Hombre,Herido,0,1,0,-1
5241,Ignorado,Hombre,Herido,0,1,0,-1
5242,Ignorado,Hombre,Herido,0,1,0,-1
5243,Ignorado,Hombre,Herido,0,1,0,-1
5244,Ignorado,Hombre,Herido,0,1,0,-1
5245,Ignorado,Hombre,Herido,0,1,0,-1
5246,Ignorado,Hombre,Herido,0,1,0,-1
5247,Ignorado,Hombre,Herido,0,1,0,-1
5248,Ignorado,Hombre,Herido,0,1,0,-1
5249,Ignorado,Hombre,Herido,0,1,0,-1
5250,Ignorado,Hombre,Herido,0,1,0,-1
5251,Ignorado,Hombre,Herido,0,1,0,-1
5252,Ignorado,Hombre,Herido,0,1,0,-1
5253,Ignorado,Hombre,Herido,0,1,0,-1
5254,Ignorado,Hombre,Herido,0,1,0,-1
5255,Ignorado,Hombre,Herido,0,1,0,-1
5256,Ignorado,Hombre,Herido,0,1,0,-1
5257,Ignorado,Hombre,Herido,0,1,0,-1
5258,Ignorado,Hombre,Herido,0,1,0,-1
5259,Ignorado,Hombre,Herido,0,1,0,-1
5260,Ignorado,Hombre,Herido,0,1,0,-1
5261,Ignorado,Hombre,Herido,0,1,0,-1
5262,Ignorado,Hombre,Herido,0,1,0,-1
5263,Ignorado,Hombre,Herido,0,1,0,-1
5264,Ignorado,Hombre,Herido,0,1,0,-1
5265,Ignorado,Hombre,Herido,0,1,0,-1
5266,Ignorado,Hombre,Herido,0,1,0,-1
5267,Ignorado,Hombre,Herido,0,1,0,-1
5268,Ignorado,Hombre,Herido,0,1,0,-1
5269,Ignorado,Hombre,Herido,0,1,0,-1
5270,Ignorado,Hombre,Herido,0,1,0,-1
5271,Ignorado,Hombre,Herido,0,1,0,-1
5272,Ignorado,Hombre,Herido,0,1,0,-1
5273,Ignorado,Hombre,Herido,0,1,0,-1
5274,Ignorado,Hombre,Herido,0,1,0,-1
5275,Ignorado,Hombre,Herido,0,1,0,-1
5276,Ignorado,Hombre,Herido,0,1,0,-1
5277,Ignorado,Hombre,Herido,0,1,0,-1
5278,Ignorado,Hombre,Herido,0,1,0,-1
5279,Ignorado,Hombre,Herido,0,1,0,-1
5280,Ignorado,Hombre,Herido,0,1,0,-1
5281,Ignorado,Hombre,Herido,0,1,0,-1
5282,Ignorado,Hombre,Herido,0,1,0,-1
5283,Ignorado,Hombre,Herido,0,1,0,-1
5284,Ignorado,Hombre,Herido,0,1,0,-1
5285,Ignorado,Hombre,Herido,0,1,0,-1
5286,Ignorado,Hombre,Herido,0,1,0,-1
5287,Ignorado,Hombre,Herido,0,1,0,-1
5288,Ignorado,Hombre,Herido,0,1,0,-1
5289,Ignorado,Hombre,Herido,0,1,0,-1
5290,Ignorado,Hombre,Herido,0,1,0,-1
5291,Ignorado,Hombre,Herido,0,1,0,-1
5292,Ignorado,Hombre,Herido,0,1,0,-1
5293,Ignorado,Hombre,Herido,0,1,0,-1
5294,Ignorado,Hombre,Herido,0,1,0,-1
5295,Ignorado,Hombre,Herido,0,1,0,-1
5296,Ignorado,Hombre,Herido,0,1,0,-1
5297,Ignorado,Hombre,Herido,0,1,0,-1
5298,Ignorado,Hombre,Herido,0,1,0,-1
5299,Ignorado,Hombre,Herido,0,1,0,-1
5300,Ignorado,Hombre,Herido,0,1,0,-1
5301,Ignorado,Hombre,Herido,0,1,0,-1
5302,Ignorado,Hombre,Herido,0,1,0,-1
5303,Ignorado,Hombre,Herido,0,1,0,-1
5304,Ignorado,Hombre,Herido,0,1,0,-1
5305,Ignorado,Hombre,Herido,0,1,0,-1
5306,Ignorado,Hombre,Herido,0,1,0,-1
5307,Ignorado,Hombre,Herido,0,1,0,-1
5308,Ignorado,Hombre,Herido,0,1,0,-1
5309,Ignorado,Hombre,Herido,0,1,0,-1
5310,Ignorado,Hombre,Herido,0,1,0,-1
5311,Ignorado,Hombre,Herido,0,1,0,-1
5312,Ignorado,Hombre,Herido,0,1,0,-1
5313,Ignorado,Hombre,Herido,0,1,0,-1
5314,Ignorado,Hombre,Herido,0,1,0,-1
5315,Ignorado,Hombre,Herido,0,1,0,-1
5316,Ignorado,Hombre,Herido,0,1,0,-1
5317,Ignorado,Hombre,Herido,0,1,0,-1
5318,Ignorado,Hombre,Herido,0,1,0,-1
5319,Ignorado,Hombre,Herido,0,1,0,-1
5320,Ignorado,Hombre,Herido,0,1,0,-1
5321,Ignorado,Hombre,Herido,0,1,0,-1
5322,Ignorado,Hombre,Herido,0,1,0,-1
5323,Ignorado,Hombre,Herido,0,1,0,-1
5324,Ignorado,Hombre,Herido,0,1,0,-1
5325,Ignorado,Hombre,Herido,0,1,0,-1
5326,Ignorado,Hombre,Herido,0,1,0,-1
5327,Ignorado,Hombre,Herido,0,1,0,-1
5328,Ignorado,Hombre,Herido,0,1,0,-1
5329,Ignorado,Hombre,Herido,0,1,0,-1
5330,Ignorado,Hombre,Herido,0,1,0,-1
5331,Ignorado,Hombre,Herido,0,1,0,-1
5332,Ignorado,Hombre,Herido,0,1,0,-1
5333,Ignorado,Hombre,Herido,0,1,0,-1
5334,Ignorado,Hombre,Herido,0,1,0,-1
5335,Ignorado,Hombre,Herido,0,1,0,-1
5336,Ignorado,Hombre,Herido,0,1,0,-1
5337,Ignorado,Hombre,Herido,0,1,0,-1
5338,Ignorado,Hombre,Herido,0,1,0,-1
5339,Ignorado,Hombre,Herido,0,1,0,-1
5340,Ignorado,Hombre,Herido,0,1,0,-1
5341,Ignorado,Hombre,Herido,0,1,0,-1
5342,Ignorado,Hombre,Herido,0,1,0,-1
5343,Ignorado,Hombre,Herido,0,1,0,-1
5344,Ignorado,Hombre,Herido,0,1,0,-1
5345,Ignorado,Hombre,Herido,0,1,0,-1
5346,Ignorado,Hombre,Herido,0,1,0,-1
5347,Ignorado,Hombre,Herido,0,1,0,-1
5348,Ignorado,Hombre,Herido,0,1,0,-1
5349,Ignorado,Hombre,Herido,0,1,0,-1
5350,Ignorado,Hombre,Herido,0,1,0,-1
5351,Ignorado,Hombre,Herido,0,1,0,-1
5352,Ignorado,Hombre,Herido,0,1,0,-1
5353,Ignorado,Hombre,Herido,0,1,0,-1
5354,Ignorado,Hombre,Herido,0,1,0,-1
5355,Ignorado,Hombre,Herido,0,1,0,-1
5356,Ignorado,Hombre,Herido,0,1,0,-1
5357,Ignorado,Hombre,Herido,0,1,0,-1
5358,Ignorado,Hombre,Herido,0,1,0,-1
5359,Ignorado,Hombre,Herido,0,1,0,-1
5360,Ignorado,Hombre,Herido,0,1,0,-1
5361,Ignorado,Hombre,Herido,0,1,0,-1
5362,Ignorado,Mujer,Herido,0,0,0,-1
5363,Ignorado,Mujer,Herido,0,0,0,-1
5364,Ignorado,Mujer,Herido,0,0,0,-1
5365,Ignorado,Mujer,Herido,0,0,0,-1
5366,Ignorado,Mujer,Herido,0,0,0,-1
5367,Ignorado,Mujer,Herido,0,0,0,-1
5368,Ignorado,Mujer,Herido,0,0,0,-1
5369,Ignorado,Mujer,Herido,0,0,0,-1
5370,Ignorado,Mujer,Herido,0,0,0,-1
5371,Ignorado,Mujer,Herido,0,0,0,-1
5372,Ignorado,Mujer,Herido,0,0,0,-1
5373,Ignorado,Mujer,Herido,0,0,0,-1
5374,Ignorado,Mujer,Herido,0,0,0,-1
5375,Ignorado,Mujer,Herido,0,0,0,-1
5376,Ignorado,Mujer,Herido,0,0,0,-1
5377,Ignorado,Mujer,Herido,0,0,0,-1
5378,Ignorado,Mujer,Herido,0,0,0,-1
5379,Ignorado,Mujer,Herido,0,0,0,-1
5380,Ignorado,Mujer,Herido,0,0,0,-1
5381,Ignorado,Mujer,Herido,0,0,0,-1
5382,Ignorado,Mujer,Herido,0,0,0,-1
5383,Ignorado,Mujer,Herido,0,0,0,-1
5384,Ignorado,Mujer,Herido,0,0,0,-1
5385,Ignorado,Mujer,Herido,0,0,0,-1
5386,Ignorado,Mujer,Herido,0,0,0,-1
5387,Ignorado,Mujer,Herido,0,0,0,-1
5388,Ignorado,Mujer,Herido,0,0,0,-1
5389,Ignorado,Mujer,Herido,0,0,0,-1
5390,Ignorado,Mujer,Herido,0,0,0,-1
5391,Ignorado,Mujer,Herido,0,0,0,-1
5392,Ignorado,Mujer,Herido,0,0,0,-1
5393,Ignorado,Mujer,Herido,0,0,0,-1
5394,Ignorado,Mujer,Herido,0,0,0,-1
5395,Ignorado,Mujer,Herido,0,0,0,-1
5396,Ignorado,Mujer,Herido,0,0,0,-1
5397,Ignorado,Mujer,Herido,0,0,0,-1
5398,Ignorado,Mujer,Herido,0,0,0,-1
5399,Ignorado,Mujer,Herido,0,0,0,-1
5400,Ignorado,Mujer,Herido,0,0,0,-1
5401,Ignorado,Mujer,Herido,0,0,0,-1
5402,Ignorado,Mujer,Herido,0,0,0,-1
5403,Ignorado,Mujer,Herido,0,0,0,-1
5404,Ignorado,Mujer,Herido,0,0,0,-1
5405,Ignorado,Mujer,Herido,0,0,0,-1
5406,Ignorado,Mujer,Herido,0,0,0,-1
5407,Ignorado,Mujer,Herido,0,0,0,-1
5408,Ignorado,Mujer,Herido,0,0,0,-1
5409,Ignorado,Mujer,Herido,0,0,0,-1
5410,Ignorado,Mujer,Herido,0,0,0,-1
5411,Ignorado,Mujer,Herido,0,0,0,-1
5412,Ignorado,Mujer,Herido,0,0,0,-1
5413,Ignorado,Mujer,Herido,0,0,0,-1
5414,Ignorado,Mujer,Herido,0,0,0,-1
5415,Ignorado,Mujer,Herido,0,0,0,-1
5416,Ignorado,Mujer,Herido,0,0,0,-1
5417,Ignorado,Mujer,Herido,0,0,0,-1
5418,Ignorado,Mujer,Herido,0,0,0,-1
5419,Ignorado,Mujer,Herido,0,0,0,-1
5420,Ignorado,Mujer,Herido,0,0,0,-1
5421,Ignorado,Mujer,Herido,0,0,0,-1
5422,Ignorado,Mujer,Herido,0,0,0,-1
5423,Ignorado,Mujer,Herido,0,0,0,-1
5424,Ignorado,Mujer,Herido,0,0,0,-1
5425,Ignorado,Mujer,Herido,0,0,0,-1
5426,Ignorado,Mujer,Herido,0,0,0,-1
5427,Ignorado,Mujer,Herido,0,0,0,-1
5428,Ignorado,Mujer,Herido,0,0,0,-1
5429,Ignorado,Mujer,Herido,0,0,0,-1
5430,Ignorado,Mujer,Herido,0,0,0,-1
5431,Ignorado,Mujer,Herido,0,0,0,-1
5432,Ignorado,Mujer,Herido,0,0,0,-1
5433,Ignorado,Hombre,Fallecido,1,1,0,-1
5434,Ignorado,Hombre,Fallecido,1,1,0,-1
5435,Ignorado,Hombre,Fallecido,1,1,0,-1
5436,Ignorado,Hombre,Fallecido,1,1,0,-1
5437,Ignorado,Hombre,Fallecido,1,1,0,-1
5438,Ignorado,Hombre,Fallecido,1,1,0,-1
5439,Ignorado,Hombre,Fallecido,1,1,0,-1
5440,Ignorado,Hombre,Fallecido,1,1,0,-1
5441,Ignorado,Hombre,Fallecido,1,1,0,-1
5442,Ignorado,Hombre,Fallecido,1,1,0,-1
5443,Ignorado,Hombre,Fallecido,1,1,0,-1
5444,Ignorado,Hombre,Fallecido,1,1,0,-1
5445,Ignorado,Hombre,Fallecido,1,1,0,-1
5446,Ignorado,Hombre,Fallecido,1,1,0,-1
5447,Ignorado,Hombre,Fallecido,1,1,0,-1
5448,Ignorado,Hombre,Fallecido,1,1,0,-1
5449,Ignorado,Hombre,Fallecido,1,1,0,-1
5450,Ignorado,Hombre,Fallecido,1,1,0,-1
5451,Ignorado,Hombre,Fallecido,1,1,0,-1
5452,Ignorado,Hombre,Fallecido,1,1,0,-1
5453,Ignorado,Hombre,Fallecido,1,1,0,-1
5454,Ignorado,Hombre,Fallecido,1,1,0,-1
5455,Ignorado,Hombre,Fallecido,1,1,0,-1
5456,Ignorado,Hombre,Fallecido,1,1,0,-1
5457,Ignorado,Hombre,Fallecido,1,1,0,-1
5458,Ignorado,Hombre,Fallecido,1,1,0,-1
5459,Ignorado,Hombre,Fallecido,1,1,0,-1
5460,Ignorado,Hombre,Fallecido,1,1,0,-1
5461,Ignorado,Hombre,Fallecido,1,1,0,-1
5462,Ignorado,Hombre,Fallecido,1,1,0,-1
5463,Ignorado,Hombre,Fallecido,1,1,0,-1
5464,Ignorado,Hombre,Fallecido,1,1,0,-1
5465,Ignorado,Hombre,Fallecido,1,1,0,-1
5466,Ignorado,Hombre,Fallecido,1,1,0,-1
5467,Ignorado,Hombre,Fallecido,1,1,0,-1
5468,Ignorado,Hombre,Fallecido,1,1,0,-1
5469,Ignorado,Hombre,Fallecido,1,1,0,-1
5470,Ignorado,Hombre,Fallecido,1,1,0,-1
5471,Ignorado,Hombre,Fallecido,1,1,0,-1
5472,Ignorado,Hombre,Fallecido,1,1,0,-1
5473,Ignorado,Hombre,Fallecido,1,1,0,-1
5474,Ignorado,Hombre,Fallecido,1,1,0,-1
5475,Ignorado,Hombre,Fallecido,1,1,0,-1
5476,Ignorado,Hombre,Fallecido,1,1,0,-1
5477,Ignorado,Hombre,Fallecido,1,1,0,-1
5478,Ignorado,Hombre,Fallecido,1,1,0,-1
5479,Ignorado,Hombre,Fallecido,1,1,0,-1
5480,Ignorado,Hombre,Fallecido,1,1,0,-1
5481,Ignorado,Hombre,Fallecido,1,1,0,-1
5482,Ignorado,Hombre,Fallecido,1,1,0,-1
5483,Ignorado,Mujer,Fallecido,1,0,0,-1
5484,Ignorado,Mujer,Fallecido,1,0,0,-1
5485,Ignorado,Mujer,Fallecido,1,0,0,-1
5486,Ignorado,Mujer,Fallecido,1,0,0,-1
5487,Ignorado,Mujer,Fallecido,1,0,0,-1
5488,Ignorado,Mujer,Fallecido,1,0,0,-1
5489,Ignorado,Mujer,Fallecido,1,0,0,-1
5490,Ignorado,Mujer,Fallecido,1,0,0,-1
5491,Ignorado,Mujer,Fallecido,1,0,0,-1
5492,Ignorado,Mujer,Fallecido,1,0,0,-1
5493,Ignorado,Mujer,Fallecido,1,0,0,-1
